Prog,PTT,Len,Satellite,Class,Pass,PassDate,PassTime,Latitude,Longitude,Comment,Frequency,Power,IQ,Dups,MsgDate,MsgTime,Latitude2,Longitude2,Duration,Error radius,Error Semi-major axis,Error Semi-minor axis,Error Ellipse orientation,Offset,Offset orientation,SENSOR #01,SENSOR #02,SENSOR #03,SENSOR #04,SENSOR #05,SENSOR #06,SENSOR #07,SENSOR #08,SENSOR #09,SENSOR #10,SENSOR #11,SENSOR #12,SENSOR #13,SENSOR #14,SENSOR #15,SENSOR #16,SENSOR #17,SENSOR #18,SENSOR #19,SENSOR #20,SENSOR #21,SENSOR #22,SENSOR #23,SENSOR #24,SENSOR #25,SENSOR #26,SENSOR #27,SENSOR #28,SENSOR #29,SENSOR #30,SENSOR #31,SENSOR #32
13440,131111,31,N,B,2,23-Mar-2016,01:01:25,-64.1390,-61.0120,"",401677542,-126,8,0,23-Mar-2016,01:01:25,,,,,,,,,,179,17,16,236,118,130,157,3,81,141,213,86,8,174,45,53,13,130,119,175,169,144,26,238,199,193,64,240,48,125,11
13440,131111,31,A,B,3,23-Mar-2016,01:49:33,-64.1390,-61.0080,"",401677542,-124,8,0,23-Mar-2016,01:49:34,,,629,,,,,,,185,102,16,236,10,64,211,38,65,38,198,200,242,171,175,40,60,109,35,157,61,130,169,78,232,49,32,75,247,64,0
13440,131111,31,A,B,3,23-Mar-2016,01:49:33,-64.1390,-61.0080,"",401677542,-124,8,0,23-Mar-2016,02:00:03,,,629,,,,,,,191,195,48,236,3,192,145,123,149,23,176,150,135,28,118,7,130,145,223,188,16,194,58,139,108,248,93,160,198,252,62
13440,131111,31,N,B,4,23-Mar-2016,02:33:29,-64.1370,-61.0070,"",401677538,-135,8,0,23-Mar-2016,02:33:30,,,,,,,,,,185,176,208,238,20,1,172,85,243,45,153,135,93,245,22,57,86,93,93,107,107,210,111,230,206,101,76,188,90,148,138
13440,131111,31,B,B,5,23-Mar-2016,02:44:34,-64.1360,-61.0130,"",401677541,-130,6,0,23-Mar-2016,02:44:34,,,,,,,,,,180,77,240,238,2,194,139,69,211,1,227,242,42,145,207,40,60,77,34,158,58,64,169,4,241,159,1,71,247,128,0
13440,131111,31,P,B,6,23-Mar-2016,02:47:02,-64.1370,-60.9910,"",401677537,-124,6,0,23-Mar-2016,02:44:34,,,297,,,,,,,180,77,240,238,2,194,139,69,211,1,227,242,42,145,207,40,60,77,34,158,58,64,169,4,241,159,1,71,247,128,0
13440,131111,27,P,B,6,23-Mar-2016,02:47:02,-64.1370,-60.9910,"",401677537,-124,6,0,23-Mar-2016,02:49:31,,,297,,,,,,,50,197,160,236,96,156,135,34,11,195,179,15,96,68,1,0,0,0,0,0,129,131,6,12,0,0,0
13440,131111,31,A,B,7,23-Mar-2016,03:34:08,-64.1320,-61.0020,"",401677545,-113,8,0,23-Mar-2016,03:34:09,,,,,,,,,,188,220,157,140,51,156,120,213,157,54,102,231,16,120,213,106,60,55,78,6,77,99,251,246,120,130,64,166,22,30,215
13440,131111,31,N,B,8,23-Mar-2016,04:22:22,-64.1300,-61.0080,"",401677542,-137,8,0,23-Mar-2016,04:22:23,,,,,,,,,,191,89,176,237,23,64,240,30,64,8,23,116,56,128,16,42,136,185,112,157,220,37,12,249,209,144,179,30,35,48,41
13440,131111,31,B,B,9,23-Mar-2016,04:22:22,-64.1300,-61.0030,"",401677540,-123,,0,23-Mar-2016,04:22:23,,,,,,,,,,191,89,176,237,23,64,240,30,64,8,23,116,56,128,16,42,136,185,1,44,232,89,9,208,253,229,231,187,109,196,217
13440,131111,31,P,B,10,23-Mar-2016,04:27:37,-64.1210,-60.9970,"",401677533,-121,6,0,23-Mar-2016,04:27:37,,,,,,,,,,177,175,48,236,230,130,155,134,210,209,229,84,142,177,88,222,87,137,226,0,64,171,18,20,89,120,205,130,64,4,0
13440,131111,31,A,B,11,23-Mar-2016,05:13:33,-64.1180,-60.9690,"",401677542,-131,7,0,23-Mar-2016,05:13:34,,,330,,,,,,,184,91,240,236,137,130,156,82,209,253,213,43,31,131,179,170,64,1,72,7,84,248,6,140,252,133,0,236,191,217,100
13440,131111,31,A,B,11,23-Mar-2016,05:13:33,-64.1180,-60.9690,"",401677542,-131,7,0,23-Mar-2016,05:19:04,,,330,,,,,,,179,17,16,228,118,130,157,3,81,141,212,86,8,163,163,10,136,21,73,23,84,212,114,16,15,40,36,236,89,157,0
13440,131111,31,K,B,12,23-Mar-2016,05:32:43,-64.1220,-60.9900,"",401677539,-129,6,0,23-Mar-2016,05:30:16,,,296,,,,,,,176,98,96,236,100,194,151,1,209,181,213,47,5,162,187,202,27,9,70,23,84,244,22,139,46,169,216,165,221,49,50
13440,131111,31,K,B,12,23-Mar-2016,05:32:43,-64.1220,-60.9900,"",401677539,-129,6,0,23-Mar-2016,05:35:12,,,296,,,,,,,50,128,192,235,124,129,8,4,0,0,0,0,0,16,36,79,25,48,158,255,7,48,33,220,109,68,70,207,118,87,58
13440,131111,31,P,B,13,23-Mar-2016,06:06:10,-64.1170,-60.9670,"",401677543,-123,8,0,23-Mar-2016,06:06:11,,,,,,,,,,208,196,36,142,4,18,94,215,251,34,46,193,206,232,127,252,34,174,98,92,100,207,219,223,197,211,185,38,123,84,69
13440,131111,31,A,B,14,23-Mar-2016,06:56:51,-64.1170,-60.9660,"",401677541,-131,8,0,23-Mar-2016,06:56:52,,,,,,,,,,188,195,224,238,164,194,167,0,210,113,229,91,5,166,43,202,238,9,75,247,149,140,14,150,207,42,40,5,36,94,0
13440,131111,31,K,B,15,23-Mar-2016,07:16:50,-64.1150,-60.9620,"",401677544,-120,6,0,23-Mar-2016,07:14:15,,,310,,,,,,,177,192,144,238,120,130,165,139,66,61,229,66,28,132,99,202,208,7,74,103,149,76,10,145,207,42,80,5,46,22,70
13440,131111,7,K,B,15,23-Mar-2016,07:16:50,-64.1150,-60.9620,"",401677544,-120,6,0,23-Mar-2016,07:19:25,,,310,,,,,,,0,0,238,196,202,25,238
13440,131111,31,N,B,16,23-Mar-2016,07:34:51,-64.1140,-60.9640,"",401677539,-123,6,0,23-Mar-2016,07:30:21,,,270,,,,,,,191,69,32,238,100,66,181,14,194,17,229,79,0,164,139,202,128,59,7,7,84,120,110,14,79,43,104,228,31,30,0
13440,131111,31,N,B,16,23-Mar-2016,07:34:51,-64.1140,-60.9640,"",401677539,-123,6,0,23-Mar-2016,07:34:51,,,270,,,,,,,191,40,144,238,77,130,172,128,210,25,229,118,4,164,227,202,166,9,75,23,73,10,48,93,211,76,190,189,236,218,148
13440,131111,31,P,B,17,23-Mar-2016,07:47:21,-64.1070,-60.9770,"",401677543,-135,6,0,23-Mar-2016,07:47:22,,,243,,,,,,,50,128,202,152,203,161,30,124,96,68,245,232,242,188,106,55,89,69,150,113,41,212,44,31,186,129,189,59,227,252,167
13440,131111,31,P,B,17,23-Mar-2016,07:47:21,-64.1070,-60.9770,"",401677543,-135,6,0,23-Mar-2016,07:51:25,,,243,,,,,,,185,176,208,238,145,146,218,209,254,17,147,88,19,91,114,184,63,144,229,207,219,16,111,112,154,16,116,29,72,78,61
13440,131111,31,A,B,18,23-Mar-2016,08:35:42,-64.1060,-60.9750,"",401677542,-130,8,0,23-Mar-2016,08:35:43,,,,,,,,,,51,167,240,237,43,130,48,124,8,0,78,172,105,13,71,208,118,148,3,170,151,14,77,255,40,251,80,50,254,197,255
13440,131111,31,K,A,19,23-Mar-2016,08:54:33,-64.1170,-60.9500,"",401677543,-115,6,0,23-Mar-2016,08:53:24,,,156,,,,,,,191,167,0,237,86,64,209,6,128,8,5,224,20,14,184,51,65,160,41,160,170,80,131,46,139,64,200,41,116,0,0
13440,131111,31,K,A,19,23-Mar-2016,08:54:33,-64.1170,-60.9500,"",401677543,-115,6,0,23-Mar-2016,08:54:16,,,156,,,,,,,185,143,208,237,81,128,211,40,64,8,5,232,148,17,56,33,65,32,133,193,50,13,8,14,13,0,232,18,108,0,0
13440,131111,31,K,A,19,23-Mar-2016,08:54:33,-64.1170,-60.9500,"",401677543,-115,6,0,23-Mar-2016,08:56:00,,,156,,,,,,,161,197,20,73,173,255,93,29,53,120,150,181,101,198,61,225,233,219,193,67,22,124,17,72,147,56,233,29,20,114,192
13440,131111,31,N,B,20,23-Mar-2016,09:12:06,-64.1100,-60.9820,"",401677544,-123,6,0,23-Mar-2016,09:09:36,,,302,,,,,,,185,105,0,237,48,193,146,60,64,8,6,248,180,5,52,40,213,32,17,210,84,137,16,205,138,164,92,169,151,4,20
13440,131111,31,N,B,20,23-Mar-2016,09:12:06,-64.1100,-60.9820,"",401677544,-123,6,0,23-Mar-2016,09:14:38,,,302,,,,,,,187,24,176,237,35,0,131,132,54,107,223,143,151,148,126,214,251,24,155,255,70,129,41,145,180,195,119,9,26,49,62
13440,131111,31,R,A,21,23-Mar-2016,10:18:47,-64.1340,-60.9860,"",401677542,-120,8,0,23-Mar-2016,10:16:49,,,234,,,,,,,187,58,64,236,65,130,135,130,209,193,213,24,2,163,99,138,54,57,9,167,84,96,18,139,206,168,216,37,21,156,0
13440,131111,31,R,A,21,23-Mar-2016,10:18:47,-64.1340,-60.9860,"",401677542,-120,8,0,23-Mar-2016,10:18:50,,,234,,,,,,,51,167,240,237,43,130,48,124,8,0,0,0,0,0,7,195,184,15,32,1,2,0,0,0,0,0,1,12,18,0,0
13440,131111,31,R,A,21,23-Mar-2016,10:18:47,-64.1340,-60.9860,"",401677542,-120,8,0,23-Mar-2016,10:20:43,,,234,,,,,,,178,81,16,236,44,2,147,134,82,225,213,100,11,165,91,170,170,25,72,179,148,88,20,123,47,169,212,69,16,156,0
13440,131111,31,K,A,22,23-Mar-2016,10:33:01,-64.1380,-60.9670,"",401677542,-123,6,0,23-Mar-2016,10:31:47,,,162,,,,,,,183,32,80,236,24,130,160,70,213,66,120,236,147,32,4,4,80,177,17,221,8,100,136,3,2,167,6,83,25,208,0
13440,131111,31,K,A,22,23-Mar-2016,10:33:01,-64.1380,-60.9670,"",401677542,-123,6,0,23-Mar-2016,10:32:49,,,162,,,,,,,185,102,16,236,10,64,211,38,65,38,198,200,242,171,175,40,60,108,59,147,153,223,242,130,72,191,115,103,202,209,77
13440,131111,31,K,A,22,23-Mar-2016,10:33:01,-64.1380,-60.9670,"",401677542,-123,6,0,23-Mar-2016,10:34:29,,,162,,,,,,,191,195,48,236,3,192,155,36,66,103,4,121,148,0,192,61,204,48,201,210,86,64,133,46,138,162,132,154,120,0,0
13440,131111,31,B,B,23,23-Mar-2016,10:59:42,-64.1320,-60.9500,"",401677545,-127,6,0,23-Mar-2016,10:59:16,,,54,,,,,,,248,177,80,238,209,194,255,195,208,2,5,89,3,165,11,202,140,3,73,135,85,152,22,149,15,9,248,29,30,222,8
13440,131111,31,B,B,23,23-Mar-2016,10:59:42,-64.1320,-60.9500,"",401677545,-127,6,0,23-Mar-2016,11:00:10,,,54,,,,,,,183,47,80,238,187,130,159,1,210,189,229,98,4,164,195,202,130,3,72,231,149,188,18,143,207,46,124,45,0,32,0
13440,131111,31,N,B,24,23-Mar-2016,10:59:42,-64.1300,-60.9520,"",401677543,-130,,0,23-Mar-2016,10:59:16,,,54,,,,,,,184,177,80,238,209,194,255,195,208,2,5,89,3,165,11,202,140,3,73,135,85,152,22,149,15,41,248,29,30,222,0
13440,131111,31,N,B,24,23-Mar-2016,10:59:42,-64.1300,-60.9520,"",401677543,-130,,0,23-Mar-2016,11:00:10,,,54,,,,,,,183,47,80,238,187,130,159,1,210,189,229,98,4,164,195,202,130,3,72,231,149,188,18,143,207,46,124,45,0,32,0
13440,131111,31,A,B,25,23-Mar-2016,11:45:28,-64.1350,-60.9540,"",401677545,-125,8,0,23-Mar-2016,11:45:29,,,,,,,,,,180,77,240,238,2,194,139,69,211,1,227,242,42,145,207,40,60,77,34,158,58,64,169,4,241,159,1,71,247,128,0
13440,131111,31,R,B,26,23-Mar-2016,12:00:28,-64.1360,-60.9550,"",401677544,-131,8,0,23-Mar-2016,12:00:28,,,,,,,,,,51,167,240,237,43,130,49,124,8,0,0,0,0,0,135,77,181,90,15,152,198,227,120,141,126,131,157,126,227,112,236
13440,131111,31,B,A,27,23-Mar-2016,12:37:46,-64.1430,-60.9530,"",401677542,-129,8,0,23-Mar-2016,12:35:56,,,190,,,,,,,182,241,64,237,91,0,84,32,69,103,84,38,6,138,79,10,81,196,90,120,136,133,64,83,68,36,154,3,27,0,0
13440,131111,31,B,A,27,23-Mar-2016,12:37:46,-64.1430,-60.9530,"",401677542,-129,8,0,23-Mar-2016,12:38:17,,,190,,,,,,,191,167,0,237,86,64,209,6,128,8,5,224,20,14,184,51,65,160,41,160,170,80,131,46,139,64,200,41,116,0,0
13440,131111,31,B,A,27,23-Mar-2016,12:37:46,-64.1430,-60.9530,"",401677542,-129,8,0,23-Mar-2016,12:39:06,,,190,,,,,,,185,143,208,237,81,128,211,40,64,8,5,232,148,17,56,33,65,32,133,193,50,13,8,14,13,0,232,18,108,0,0
13440,131111,31,R,B,28,23-Mar-2016,15:12:42,-64.1670,-60.9530,"",401677538,-136,8,0,23-Mar-2016,15:12:42,,,,,,,,,,186,15,226,232,245,215,126,78,209,87,18,198,104,140,255,193,141,70,55,163,130,88,172,129,56,216,76,248,123,70,155
13440,131111,31,A,B,29,23-Mar-2016,15:12:42,-64.1510,-60.9660,"",401677534,-130,,0,23-Mar-2016,15:12:42,,,,,,,,,,23,14,146,25,160,30,128,203,201,156,204,199,59,246,15,5,137,232,45,129,159,238,53,150,210,49,218,116,12,201,230
13440,131111,31,P,B,30,23-Mar-2016,16:34:21,-64.1460,-60.9550,"",401677548,-135,8,0,23-Mar-2016,16:34:21,,,,,,,,,,185,254,192,239,44,193,234,12,102,148,29,93,24,207,48,7,45,162,40,76,196,230,235,217,37,23,123,155,73,26,124
13440,131111,31,P,B,31,23-Mar-2016,21:42:11,-64.1420,-61.0050,"",401677558,-129,8,0,23-Mar-2016,21:41:44,,,56,,,,,,,184,43,48,238,39,2,178,4,210,249,208,217,53,0,16,41,72,69,84,151,85,222,31,22,127,227,76,232,80,77,132
13440,131111,31,P,B,31,23-Mar-2016,21:42:11,-64.1420,-61.0050,"",401677558,-129,8,0,23-Mar-2016,21:42:40,,,56,,,,,,,185,176,208,238,20,1,175,9,72,119,74,200,42,63,60,126,5,82,159,229,71,7,166,67,202,248,236,51,165,228,142
13440,131111,3,R,A,32,23-Mar-2016,21:44:24,-64.1060,-60.9680,"",401677544,-123,6,0,23-Mar-2016,21:42:40,,,201,,,,,,,185,176,208
13440,131111,31,R,A,32,23-Mar-2016,21:44:24,-64.1060,-60.9680,"",401677544,-123,6,0,23-Mar-2016,21:44:33,,,201,,,,,,,190,82,144,237,124,129,46,16,136,142,53,199,250,188,126,113,156,104,1,210,132,49,22,250,25,183,49,109,207,205,188
13440,131111,31,R,A,32,23-Mar-2016,21:44:24,-64.1060,-60.9680,"",401677544,-123,6,0,23-Mar-2016,21:46:01,,,201,,,,,,,51,167,240,237,43,130,48,124,8,0,0,0,0,0,55,128,180,151,241,101,131,211,67,58,103,191,122,239,144,252,65
13440,131111,31,K,A,33,23-Mar-2016,22:35:05,-64.1130,-60.9330,"",401677543,-121,8,0,23-Mar-2016,22:31:35,,,580,,,,,,,188,13,240,237,3,130,128,140,144,6,7,145,93,32,12,11,230,34,64,8,20,232,112,138,111,21,82,4,64,131,184
13440,131111,31,K,A,33,23-Mar-2016,22:35:05,-64.1130,-60.9330,"",401677543,-121,8,0,23-Mar-2016,22:32:29,,,580,,,,,,,177,175,48,236,230,130,155,134,210,209,229,84,142,177,88,222,87,137,226,102,84,162,148,124,162,54,0,198,118,6,211
13440,131111,31,K,A,33,23-Mar-2016,22:35:05,-64.1130,-60.9330,"",401677543,-121,8,0,23-Mar-2016,22:41:15,,,580,,,,,,,189,240,128,236,212,2,137,10,193,165,225,30,1,164,43,202,65,11,71,135,20,50,38,148,173,40,192,101,224,6,0
13440,131111,31,N,B,34,23-Mar-2016,23:10:47,-64.1120,-60.9700,"",401677540,-122,8,0,23-Mar-2016,23:10:47,,,,,,,,,,188,115,192,236,82,194,152,136,209,137,73,33,100,163,248,99,22,207,67,41,172,91,158,244,91,210,250,253,59,82,106
13440,131111,31,R,B,35,23-Mar-2016,23:31:10,-64.1200,-60.9610,"",401677549,-129,6,0,23-Mar-2016,23:30:43,,,55,,,,,,,183,32,80,236,24,130,160,70,214,67,118,84,236,208,243,72,67,7,63,149,190,44,218,226,39,253,3,174,106,80,74
13440,131111,31,R,B,35,23-Mar-2016,23:31:10,-64.1200,-60.9610,"",401677549,-129,6,0,23-Mar-2016,23:31:38,,,55,,,,,,,185,102,16,236,10,67,223,242,32,245,178,27,52,182,95,132,45,230,99,27,186,77,103,83,206,32,240,124,139,215,197
13440,131111,31,A,B,36,24-Mar-2016,01:37:06,-64.1280,-60.9640,"",401677548,-120,8,0,24-Mar-2016,01:37:06,,,,,,,,,,183,60,32,238,248,64,199,30,64,8,21,100,14,137,239,27,112,84,116,120,224,130,163,219,171,123,15,67,151,64,0
13440,131111,31,P,B,37,24-Mar-2016,02:33:56,-64.1230,-60.9630,"",401677543,-135,8,0,24-Mar-2016,02:33:56,,,,,,,,,,190,82,144,237,124,129,46,16,130,39,5,216,84,6,54,35,192,160,129,209,56,21,2,174,12,178,196,30,108,0,64
13440,131111,31,A,B,38,24-Mar-2016,03:11:56,-64.1130,-60.9630,"",401677544,-112,8,0,24-Mar-2016,03:11:57,,,193,,,,,,,185,143,208,237,81,128,211,40,64,8,5,232,148,17,56,33,65,32,133,193,50,13,8,14,13,0,232,18,108,0,0
13440,131111,31,A,B,38,24-Mar-2016,03:11:56,-64.1130,-60.9630,"",401677544,-112,8,0,24-Mar-2016,03:15:10,,,193,,,,,,,189,20,128,237,71,1,43,22,133,247,138,200,4,4,54,75,172,160,173,213,104,6,64,4,3,218,58,0,32,0,0
13440,131111,31,K,B,39,24-Mar-2016,03:28:57,-64.1240,-60.9630,"",401677542,-131,8,0,24-Mar-2016,03:28:57,,,,,,,,,,188,161,96,237,55,65,150,182,128,8,3,137,82,64,81,161,253,211,12,74,168,49,26,170,109,169,140,68,24,45,162
13440,131111,31,N,B,40,24-Mar-2016,04:03:14,-64.1230,-60.9770,"",401677541,-132,8,0,24-Mar-2016,04:02:44,,,62,,,,,,,68,234,197,198,73,82,117,82,3,186,240,202,109,199,65,101,87,83,152,202,232,168,122,18,243,237,47,51,75,136,91
13440,131111,31,N,B,40,24-Mar-2016,04:03:14,-64.1230,-60.9770,"",401677541,-132,8,0,24-Mar-2016,04:03:46,,,62,,,,,,,189,240,128,236,212,2,137,10,193,173,229,30,1,164,43,202,65,11,71,135,148,186,34,148,143,40,132,61,33,158,0
13440,131111,31,B,B,41,24-Mar-2016,04:03:46,-64.1220,-60.9760,"",401677542,-131,6,0,24-Mar-2016,04:03:46,,,,,,,,,,189,240,128,236,212,2,137,10,195,173,229,30,1,164,43,194,65,10,87,135,148,58,34,148,159,40,132,61,33,158,0
13440,131111,31,P,1,42,24-Mar-2016,04:14:58,-64.1190,-60.9290,"",401677545,-121,56,0,24-Mar-2016,04:13:06,,,198,,,,,,,183,64,240,236,194,130,145,128,209,201,229,69,136,164,35,202,251,41,0,8,15,129,72,50,60,176,115,112,5,92,0
13440,131111,31,P,1,42,24-Mar-2016,04:14:58,-64.1190,-60.9290,"",401677545,-121,56,0,24-Mar-2016,04:14:51,,,198,,,,,,,191,103,176,236,176,66,141,128,209,209,213,22,2,164,75,202,70,5,71,151,148,204,10,146,79,40,24,244,27,30,0
13440,131111,31,P,1,42,24-Mar-2016,04:14:58,-64.1190,-60.9290,"",401677545,-121,56,0,24-Mar-2016,04:15:34,,,198,,,,,,,190,69,192,236,156,66,138,143,193,233,229,38,30,132,195,170,156,11,72,71,85,54,18,144,175,40,216,252,29,158,0
13440,131111,31,P,1,42,24-Mar-2016,04:14:58,-64.1190,-60.9290,"",401677545,-121,56,0,24-Mar-2016,04:16:24,,,198,,,,,,,184,91,240,236,137,130,156,66,209,253,213,43,31,131,179,170,64,1,72,7,84,248,6,140,239,41,88,21,32,94,0
13440,131111,31,K,B,43,24-Mar-2016,05:15:48,-64.1170,-60.9500,"",401677547,-133,8,0,24-Mar-2016,05:15:49,,,,,,,,,,183,32,80,236,24,130,160,70,213,66,120,236,147,32,4,4,80,177,17,221,8,100,136,3,2,167,6,83,25,208,1
13440,131111,19,N,B,44,24-Mar-2016,05:47:22,-64.1170,-60.9510,"",401677549,-137,8,0,24-Mar-2016,05:47:23,,,,,,,,,,54,81,192,239,44,131,26,32,0,0,0,0,0,2,4,8,0,0,0
13440,131111,31,P,B,45,24-Mar-2016,06:00:21,-64.1160,-60.9550,"",401677543,-136,8,0,24-Mar-2016,06:00:22,,,,,,,,,,188,55,208,240,102,194,153,1,209,153,213,31,4,162,243,202,109,7,69,215,148,118,14,139,110,171,28,69,28,93,0
13440,131111,23,A,A,46,24-Mar-2016,06:34:59,-64.0090,-60.9250,"Lat > 4 deviations from mean",401677528,-127,8,0,24-Mar-2016,06:33:25,,,237,,,,,,,48,228,161,47,79,243,221,255,55,94,14,192,253,26,132,204,228,20,2,99,241,145,240
13440,131111,31,A,A,46,24-Mar-2016,06:34:59,-64.0090,-60.9250,"Lat > 4 deviations from mean",401677528,-127,8,0,24-Mar-2016,06:34:13,,,237,,,,,,,185,70,16,240,12,192,176,4,131,71,10,96,148,12,54,64,132,33,117,211,246,30,141,28,73,60,179,223,118,124,157
13440,131111,31,A,A,46,24-Mar-2016,06:34:59,-64.0090,-60.9250,"Lat > 4 deviations from mean",401677528,-127,8,0,24-Mar-2016,06:37:22,,,237,,,,,,,178,210,90,90,218,91,74,90,75,90,91,216,136,142,196,103,49,119,151,18,205,88,59,255,242,24,135,77,195,87,60
13440,131111,31,K,B,47,24-Mar-2016,06:50:53,-64.0990,-60.9460,"",401677557,-129,6,0,24-Mar-2016,06:49:13,,,200,,,,,,,185,206,208,239,232,35,189,107,47,141,184,113,14,115,171,177,142,186,164,153,26,194,100,24,173,202,223,129,171,194,42
13440,131111,31,K,B,47,24-Mar-2016,06:50:53,-64.0990,-60.9460,"",401677557,-129,6,0,24-Mar-2016,06:52:33,,,200,,,,,,,190,101,32,239,102,1,12,172,64,8,23,64,124,128,16,26,227,100,0,128,218,0,64,4,7,224,26,7,5,1,4
13440,131111,31,N,A,48,24-Mar-2016,07:22:17,-64.1030,-60.9920,"",401677547,-121,8,0,24-Mar-2016,07:20:50,,,157,,,,,,,184,177,80,238,209,194,255,195,208,2,5,89,3,165,11,202,140,3,73,135,85,152,23,92,20,138,28,103,187,45,167
13440,131111,31,N,A,48,24-Mar-2016,07:22:17,-64.1030,-60.9920,"",401677547,-121,8,0,24-Mar-2016,07:22:35,,,157,,,,,,,183,47,80,238,187,130,159,1,210,189,229,98,4,164,195,202,130,3,72,231,149,188,18,143,207,46,124,45,0,32,0
13440,131111,31,N,A,48,24-Mar-2016,07:22:17,-64.1030,-60.9920,"",401677547,-121,8,0,24-Mar-2016,07:23:27,,,157,,,,,,,188,7,254,226,76,231,222,217,27,141,18,89,84,227,1,52,8,225,23,218,205,208,89,255,21,147,56,155,223,85,57
13440,131111,31,B,B,49,24-Mar-2016,07:22:35,-64.1030,-60.9920,"",401677544,-133,6,0,24-Mar-2016,07:22:35,,,,,,,,,,183,47,80,238,187,130,159,1,210,189,229,98,4,164,195,202,130,3,72,231,149,188,18,143,207,46,124,45,0,32,0
13440,131111,31,A,B,50,24-Mar-2016,08:12:03,-64.0970,-61.0000,"",401677542,-130,8,0,24-Mar-2016,08:10:15,,,217,,,,,,,50,128,192,235,124,129,8,4,0,0,0,0,0,0,4,15,135,96,30,64,13,6,0,8,16,0,0,1,14,32,28
13440,131111,31,A,B,50,24-Mar-2016,08:12:03,-64.0970,-61.0000,"",401677542,-130,8,0,24-Mar-2016,08:13:52,,,217,,,,,,,180,77,240,238,2,194,139,69,211,1,227,242,42,130,27,240,235,199,155,165,215,118,12,220,34,141,233,94,214,112,142
13440,131111,31,K,B,51,24-Mar-2016,08:29:58,-64.1010,-60.9930,"",401677546,-118,6,0,24-Mar-2016,08:27:50,,,256,,,,,,,189,92,32,237,100,66,129,193,160,21,147,106,116,128,16,21,240,40,0,129,138,193,16,1,1,4,4,130,199,64,0
13440,131111,19,K,B,51,24-Mar-2016,08:29:58,-64.1010,-60.9930,"",401677546,-118,6,0,24-Mar-2016,08:32:06,,,256,,,,,,,54,89,192,239,44,131,26,32,0,0,0,0,0,2,4,8,0,0,0
13440,131111,31,N,B,52,24-Mar-2016,09:01:37,-64.1110,-60.9880,"",401677542,-118,8,0,24-Mar-2016,09:01:37,,,204,,,,,,,185,105,0,237,49,193,146,60,64,8,6,248,180,5,52,9,95,136,177,244,228,117,244,132,177,126,244,251,241,193,75
13440,131111,31,N,B,52,24-Mar-2016,09:01:37,-64.1110,-60.9880,"",401677542,-118,8,0,24-Mar-2016,09:05:01,,,204,,,,,,,187,24,176,237,35,1,253,50,64,101,74,97,82,12,186,99,2,32,117,214,52,129,69,99,198,192,137,0,32,0,0
13440,131111,31,R,B,53,24-Mar-2016,09:45:51,-64.1090,-61.0170,"",401677547,-121,8,0,24-Mar-2016,09:45:52,,,,,,,,,,184,91,240,236,137,130,156,66,209,253,213,43,31,131,179,170,64,1,72,7,84,248,6,140,239,42,6,19,185,10,49
13440,131111,31,A,B,54,24-Mar-2016,09:47:57,-64.1090,-60.9860,"",401677540,-116,6,0,24-Mar-2016,09:45:52,,,251,,,,,,,184,91,240,236,137,130,156,66,209,253,213,43,31,131,179,170,64,1,72,7,84,248,6,140,239,42,165,168,82,28,193
13440,131111,31,A,B,54,24-Mar-2016,09:47:57,-64.1090,-60.9860,"",401677540,-116,6,0,24-Mar-2016,09:50:03,,,251,,,,,,,51,167,240,237,43,130,48,124,8,0,0,0,0,0,7,195,184,15,32,1,2,0,0,15,239,251,140,20,66,106,200
13440,131111,31,N,1,55,24-Mar-2016,10:41:19,-64.1130,-60.9710,"",401677544,-129,58,0,24-Mar-2016,10:40:38,,,538,,,,,,,189,51,192,236,39,64,157,28,192,8,5,149,210,0,64,20,92,148,2,138,94,58,186,195,113,123,138,180,217,42,214
13440,131111,31,N,1,55,24-Mar-2016,10:41:19,-64.1130,-60.9710,"",401677544,-129,58,0,24-Mar-2016,10:42:01,,,538,,,,,,,173,76,234,10,226,80,188,209,215,5,4,211,75,109,150,245,145,38,211,88,143,29,65,177,20,114,127,85,45,60,124
13440,131111,31,N,1,55,24-Mar-2016,10:41:19,-64.1130,-60.9710,"",401677544,-129,58,0,24-Mar-2016,10:48:04,,,538,,,,,,,185,102,16,236,10,64,211,38,65,38,198,200,242,171,175,40,60,109,35,157,61,130,169,78,232,49,32,75,247,64,0
13440,131111,31,N,1,55,24-Mar-2016,10:41:19,-64.1130,-60.9710,"",401677544,-129,58,0,24-Mar-2016,10:48:46,,,538,,,,,,,191,195,48,236,3,194,139,184,182,123,16,89,16,162,245,35,78,43,17,132,195,11,17,63,215,213,36,250,133,223,84
13440,131111,31,N,1,55,24-Mar-2016,10:41:19,-64.1130,-60.9710,"",401677544,-129,58,0,24-Mar-2016,10:49:36,,,538,,,,,,,187,105,16,235,123,192,129,46,67,135,66,168,52,6,178,98,66,210,21,210,66,9,7,14,5,179,4,31,112,0,0
13440,131111,31,A,B,56,24-Mar-2016,11:31:02,-64.1040,-60.9540,"",401677547,-114,8,0,24-Mar-2016,11:30:36,,,52,,,,,,,50,128,192,235,124,129,8,193,75,7,240,251,91,229,145,95,79,131,245,119,216,47,100,94,179,99,245,232,184,42,8
13440,131111,31,A,B,56,24-Mar-2016,11:31:02,-64.1040,-60.9540,"",401677547,-114,8,0,24-Mar-2016,11:31:28,,,52,,,,,,,179,94,160,240,138,66,168,192,208,33,99,226,26,139,14,168,180,77,24,221,88,232,170,11,52,255,192,196,84,222,174
13440,131111,31,B,B,57,24-Mar-2016,12:20:20,-64.1080,-60.9740,"",401677537,-125,8,0,24-Mar-2016,12:20:20,,,,,,,,,,190,101,32,239,102,1,12,172,64,8,23,64,124,128,16,26,227,100,0,128,218,0,64,4,7,224,26,0,32,0,0
13440,131111,31,A,B,58,24-Mar-2016,14:51:26,-64.0980,-60.9480,"",401677543,-124,8,0,24-Mar-2016,14:51:00,,,53,,,,,,,55,7,159,29,124,242,54,103,155,227,79,10,200,100,172,25,36,47,176,59,244,252,106,226,83,252,253,147,193,0,131
13440,131111,31,A,B,58,24-Mar-2016,14:51:26,-64.0980,-60.9480,"",401677543,-124,8,0,24-Mar-2016,14:51:53,,,53,,,,,,,50,128,192,235,124,129,8,4,0,0,0,0,0,0,4,15,135,96,30,64,13,6,0,8,16,0,0,1,14,36,0
13440,131111,31,R,B,59,24-Mar-2016,16:24:59,-64.0980,-60.9440,"",401677542,-137,8,0,24-Mar-2016,16:25:00,,,,,,,,,,191,195,48,236,3,192,155,36,66,103,4,121,148,0,192,61,204,48,201,210,86,64,133,46,138,162,132,154,120,0,0
13440,131111,27,N,B,60,24-Mar-2016,21:13:13,-64.0910,-60.9560,"",401677540,-120,8,0,24-Mar-2016,21:11:16,,,234,,,,,,,50,197,160,236,96,156,135,34,11,195,179,15,96,68,1,0,0,0,0,0,129,131,6,12,0,0,0
13440,131111,31,N,B,60,24-Mar-2016,21:13:13,-64.0910,-60.9560,"",401677540,-120,8,0,24-Mar-2016,21:15:10,,,234,,,,,,,187,21,64,240,72,2,131,76,75,45,176,153,26,129,239,16,122,6,61,36,207,112,16,145,245,217,132,50,133,85,9
13440,131111,31,R,B,61,24-Mar-2016,21:14:40,-64.1010,-60.9650,"",401677546,-118,6,0,24-Mar-2016,21:14:10,,,60,,,,,,,179,196,16,240,85,2,155,207,193,117,197,49,3,163,131,170,166,9,70,7,84,200,22,142,143,40,68,13,16,157,0
13440,131111,31,R,B,61,24-Mar-2016,21:14:40,-64.1010,-60.9650,"",401677546,-118,6,0,24-Mar-2016,21:15:10,,,60,,,,,,,187,21,64,240,72,2,131,76,65,69,140,95,36,191,168,254,218,236,11,41,34,74,122,60,140,133,135,18,208,242,159
13440,131111,31,P,A,62,24-Mar-2016,21:28:16,-64.1000,-60.9650,"",401677547,-127,6,0,24-Mar-2016,21:25:23,,,340,,,,,,,183,13,112,240,56,65,241,3,72,7,148,248,18,140,79,40,204,252,15,94,60,222,139,96,241,145,51,171,123,130,122
13440,131111,19,P,A,62,24-Mar-2016,21:28:16,-64.1000,-60.9650,"",401677547,-127,6,0,24-Mar-2016,21:28:24,,,340,,,,,,,32,127,30,28,52,54,118,11,34,131,223,30,203,159,239,89,159,109,208
13440,131111,31,P,A,62,24-Mar-2016,21:28:16,-64.1000,-60.9650,"",401677547,-127,6,0,24-Mar-2016,21:31:03,,,340,,,,,,,176,251,0,240,6,1,100,50,66,39,8,121,210,0,64,38,201,18,97,225,226,9,0,16,11,243,228,39,116,0,0
13440,131111,31,K,A,63,24-Mar-2016,22:07:06,-64.1110,-60.9690,"",401677546,-124,8,0,24-Mar-2016,22:06:02,,,141,,,,,,,184,177,80,238,209,194,255,195,208,2,5,89,3,165,11,202,140,3,73,135,85,152,22,149,15,41,248,29,30,222,0
13440,131111,31,K,A,63,24-Mar-2016,22:07:06,-64.1110,-60.9690,"",401677546,-124,8,0,24-Mar-2016,22:06:55,,,141,,,,,,,183,47,80,238,187,130,159,1,210,189,229,98,4,164,195,202,130,3,72,231,149,188,18,143,207,46,124,45,0,32,0
13440,131111,19,K,A,63,24-Mar-2016,22:07:06,-64.1110,-60.9690,"",401677546,-124,8,0,24-Mar-2016,22:08:23,,,141,,,,,,,54,89,192,239,44,131,26,32,0,0,0,0,0,2,4,8,0,0,0
13440,131111,31,N,B,64,24-Mar-2016,22:52:12,-64.0960,-60.9670,"",401677546,-124,8,0,24-Mar-2016,22:51:47,,,52,,,,,,,190,61,176,241,71,130,175,136,82,57,210,16,72,129,174,10,40,41,107,158,99,112,226,0,64,80,128,37,151,120,0
13440,131111,31,N,B,64,24-Mar-2016,22:52:12,-64.0960,-60.9670,"",401677546,-124,8,0,24-Mar-2016,22:52:39,,,52,,,,,,,177,110,112,241,59,129,28,18,130,71,10,176,148,18,184,101,3,32,137,194,28,21,12,174,170,56,97,38,143,131,76
13440,131111,31,R,B,65,24-Mar-2016,22:52:12,-64.1010,-60.9810,"",401677544,-127,,0,24-Mar-2016,22:51:47,,,52,,,,,,,190,61,176,241,71,130,175,136,82,57,210,16,72,129,174,10,40,41,107,158,99,112,226,0,64,80,128,37,151,120,0
13440,131111,31,R,B,65,24-Mar-2016,22:52:12,-64.1010,-60.9810,"",401677544,-127,,0,24-Mar-2016,22:52:39,,,52,,,,,,,177,110,112,241,59,129,28,18,130,71,10,176,148,18,184,101,3,32,137,194,28,21,12,174,170,56,16,79,137,46,88
13440,131111,31,P,B,66,24-Mar-2016,23:08:03,-64.0910,-60.9510,"",401677543,-130,6,0,24-Mar-2016,23:07:10,,,107,,,,,,,170,0,192,194,207,80,146,37,253,128,141,137,197,18,97,97,215,1,180,207,207,246,124,13,157,227,65,180,16,250,43
13440,131111,31,P,B,66,24-Mar-2016,23:08:03,-64.0910,-60.9510,"",401677543,-130,6,0,24-Mar-2016,23:08:57,,,107,,,,,,,180,51,112,240,220,67,6,215,9,97,50,226,102,227,121,223,222,186,16,2,207,116,42,237,251,65,30,103,5,204,3
13440,131111,31,K,B,67,25-Mar-2016,01:25:40,-64.0830,-61.0040,"",401677546,-135,8,0,25-Mar-2016,01:24:48,,,105,,,,,,,184,177,80,238,209,194,255,195,208,2,5,89,3,165,11,202,140,3,73,135,85,152,22,149,15,41,248,29,30,222,0
13440,131111,31,K,B,67,25-Mar-2016,01:25:40,-64.0830,-61.0040,"",401677546,-135,8,0,25-Mar-2016,01:26:33,,,105,,,,,,,188,195,224,238,164,194,167,0,210,113,229,91,5,166,43,202,238,9,75,247,149,140,14,150,207,42,40,5,36,94,0
13440,131111,31,B,A,68,25-Mar-2016,02:06:02,-64.1130,-60.9530,"",401677553,-121,8,0,25-Mar-2016,02:04:54,,,154,,,,,,,148,77,240,238,2,194,139,69,211,1,227,242,42,145,207,40,60,77,34,163,97,63,243,113,242,96,12,30,194,235,114
13440,131111,31,B,A,68,25-Mar-2016,02:06:02,-64.1130,-60.9530,"",401677553,-121,8,0,25-Mar-2016,02:05:46,,,154,,,,,,,190,82,144,237,124,129,46,16,130,39,5,216,84,6,54,107,192,37,128,157,217,20,196,3,113,72,236,238,230,64,250
13440,131111,31,B,A,68,25-Mar-2016,02:06:02,-64.1130,-60.9530,"",401677553,-121,8,0,25-Mar-2016,02:07:28,,,154,,,,,,,177,39,48,242,77,194,154,79,65,153,197,41,132,164,51,170,82,143,72,103,85,32,50,141,110,169,192,125,36,157,0
13440,131111,31,N,B,69,25-Mar-2016,02:18:59,-64.1040,-60.9980,"",401677545,-130,6,0,25-Mar-2016,02:17:29,,,181,,,,,,,178,100,160,242,32,66,153,198,81,213,213,42,15,165,83,170,154,27,77,87,148,206,38,170,83,171,48,31,84,253,224
13440,131111,31,N,B,69,25-Mar-2016,02:18:59,-64.1040,-60.9980,"",401677545,-130,6,0,25-Mar-2016,02:20:30,,,181,,,,,,,180,237,0,241,119,129,182,44,64,8,10,49,34,0,64,72,13,144,181,210,100,9,5,142,26,1,147,82,162,94,182
13440,131111,31,A,A,70,25-Mar-2016,02:49:41,-64.1120,-60.9550,"",401677549,-116,8,0,25-Mar-2016,02:47:51,,,275,,,,,,,181,242,48,241,16,66,158,135,83,225,227,66,108,128,48,19,0,104,106,62,115,121,67,115,139,82,31,76,135,64,0
13440,131111,19,A,A,70,25-Mar-2016,02:49:41,-64.1120,-60.9550,"",401677549,-116,8,0,25-Mar-2016,02:48:46,,,275,,,,,,,52,111,224,241,45,129,32,64,0,0,0,0,112,25,78,192,50,158,93
13440,131111,31,A,A,70,25-Mar-2016,02:49:41,-64.1120,-60.9550,"",401677549,-116,8,0,25-Mar-2016,02:52:26,,,275,,,,,,,176,48,240,240,177,66,178,131,210,97,213,86,8,164,19,202,143,15,71,247,149,26,30,139,110,170,88,93,43,94,0
13440,131111,19,K,B,71,25-Mar-2016,03:04:39,-64.1150,-60.9400,"",401677551,-137,8,0,25-Mar-2016,03:04:18,,,43,,,,,,,56,100,32,240,205,128,4,4,0,0,0,0,0,6,12,48,112,0,0
13440,131111,31,K,B,71,25-Mar-2016,03:04:39,-64.1150,-60.9400,"",401677551,-137,8,0,25-Mar-2016,03:05:01,,,43,,,,,,,188,54,209,30,13,135,143,127,30,147,19,179,83,165,115,202,28,191,6,175,4,114,231,95,3,220,129,172,226,29,164
13440,131111,31,P,B,72,25-Mar-2016,04:02:44,-64.1230,-60.9440,"",401677545,-126,8,0,25-Mar-2016,04:01:51,,,108,,,,,,,184,177,80,238,209,194,255,195,208,2,5,89,3,165,11,202,140,3,73,135,85,152,22,149,15,41,248,29,30,222,0
13440,131111,7,P,B,72,25-Mar-2016,04:02:44,-64.1230,-60.9440,"",401677545,-126,8,0,25-Mar-2016,04:03:39,,,108,,,,,,,0,0,242,144,216,234,143
13440,131111,31,A,B,73,25-Mar-2016,04:29:41,-64.1060,-60.9780,"",401677542,-118,6,0,25-Mar-2016,04:29:42,,,277,,,,,,,178,164,208,238,57,194,160,193,80,237,213,79,6,164,131,202,67,7,70,167,85,208,14,145,111,43,48,37,39,83,175
13440,131111,31,A,B,73,25-Mar-2016,04:29:41,-64.1060,-60.9780,"",401677542,-118,6,0,25-Mar-2016,04:34:19,,,277,,,,,,,55,167,208,219,0,37,78,133,208,69,220,3,253,96,50,102,159,181,219,129,17,83,15,168,206,120,60,190,34,114,149
13440,131111,31,K,A,74,25-Mar-2016,04:47:25,-64.1000,-61.0020,"",401677543,-132,8,0,25-Mar-2016,04:45:51,,,170,,,,,,,185,164,128,242,116,194,157,129,82,61,197,21,21,132,75,170,81,11,71,39,21,30,42,147,174,170,44,201,28,43,51
13440,131111,31,K,A,74,25-Mar-2016,04:47:25,-64.1000,-61.0020,"",401677543,-132,8,0,25-Mar-2016,04:47:44,,,170,,,,,,,177,39,48,242,77,194,154,69,168,83,179,62,185,250,250,115,81,243,99,219,18,92,171,32,12,178,21,170,1,76,14
13440,131111,31,K,A,74,25-Mar-2016,04:47:25,-64.1000,-61.0020,"",401677543,-132,8,0,25-Mar-2016,04:48:41,,,170,,,,,,,183,78,224,242,56,194,177,71,82,237,213,84,48,232,87,54,207,150,68,218,110,63,163,195,187,230,199,42,150,213,51
13440,131111,19,B,B,75,25-Mar-2016,05:25:54,-64.0970,-61.0140,"",401677536,-135,8,0,25-Mar-2016,05:25:54,,,,,,,,,,52,111,224,241,45,129,0,72,0,0,6,14,49,236,12,232,226,215,17
13440,131111,31,N,B,76,25-Mar-2016,05:34:24,-64.1220,-60.9990,"",401677542,-135,6,0,25-Mar-2016,05:29:23,,,603,,,,,,,186,160,48,240,219,82,12,186,119,0,165,33,243,160,180,2,74,243,228,9,85,142,128,86,167,94,78,41,244,2,41
13440,131111,7,N,B,76,25-Mar-2016,05:34:24,-64.1220,-60.9990,"",401677542,-135,6,0,25-Mar-2016,05:39:26,,,603,,,,,,,0,141,234,13,115,65,237
13440,131111,31,P,B,77,25-Mar-2016,05:42:08,-64.0990,-60.9990,"",401677547,-129,6,0,25-Mar-2016,05:41:47,,,42,,,,,,,176,48,240,240,177,66,178,131,210,97,213,86,8,164,19,202,143,15,71,247,149,26,30,139,110,170,88,93,43,94,0
13440,131111,19,P,B,77,25-Mar-2016,05:42:08,-64.0990,-60.9990,"",401677547,-129,6,0,25-Mar-2016,05:42:29,,,42,,,,,,,56,100,32,240,205,128,4,4,0,0,0,8,30,246,142,76,41,195,222
13440,131111,31,A,A,78,25-Mar-2016,06:12:56,-64.1010,-60.9630,"",401677545,-122,8,0,25-Mar-2016,06:11:57,,,260,,,,,,,183,13,112,240,56,65,241,3,72,7,148,253,130,73,3,217,26,95,12,244,187,193,224,66,227,235,0,228,127,91,200
13440,131111,31,A,A,78,25-Mar-2016,06:12:56,-64.1010,-60.9630,"",401677545,-122,8,0,25-Mar-2016,06:13:56,,,260,,,,,,,176,159,0,240,35,2,186,7,82,249,227,198,34,156,78,170,68,85,43,142,106,102,207,96,134,29,164,175,193,151,110
13440,131111,31,A,A,78,25-Mar-2016,06:12:56,-64.1010,-60.9630,"",401677545,-122,8,0,25-Mar-2016,06:16:17,,,260,,,,,,,176,251,0,240,6,1,100,50,66,39,8,121,210,4,64,38,201,124,102,49,45,65,155,111,105,131,145,161,153,109,175
13440,131111,31,K,0,79,25-Mar-2016,06:29:34,-64.1060,-60.9690,"",401677546,-126,46,0,25-Mar-2016,06:28:26,,,141,,,,,,,185,206,208,239,113,193,244,4,128,8,15,48,36,0,64,101,15,144,109,211,188,5,0,16,18,45,58,147,201,190,58
13440,131111,31,K,0,79,25-Mar-2016,06:29:34,-64.1060,-60.9690,"",401677546,-126,46,0,25-Mar-2016,06:29:08,,,141,,,,,,,190,101,32,239,102,1,12,172,64,8,222,186,137,46,132,130,82,67,78,66,250,208,178,15,48,173,197,160,23,70,67
13440,131111,19,K,0,79,25-Mar-2016,06:29:34,-64.1060,-60.9690,"",401677546,-126,46,0,25-Mar-2016,06:29:57,,,141,,,,,,,54,89,192,239,44,131,26,32,0,0,0,1,4,250,255,102,195,87,138
13440,131111,31,K,0,79,25-Mar-2016,06:29:34,-64.1060,-60.9690,"",401677546,-126,46,0,25-Mar-2016,06:30:47,,,141,,,,,,,181,162,64,225,77,161,222,142,107,134,173,123,155,80,77,100,244,66,196,45,225,60,67,186,194,84,1,139,9,101,201
13440,131111,31,B,B,80,25-Mar-2016,07:01:33,-64.1000,-60.9590,"",401677550,-135,8,0,25-Mar-2016,07:01:33,,,,,,,,,,191,69,32,238,100,66,181,14,194,17,229,79,0,164,139,202,128,59,39,7,86,120,108,14,79,9,104,228,31,14,3
13440,131111,31,N,A,81,25-Mar-2016,07:16:29,-64.0720,-61.0200,"",401677544,-130,6,0,25-Mar-2016,07:14:56,,,190,,,,,,,178,164,208,238,57,194,160,193,80,237,213,79,6,164,131,202,67,7,70,167,85,208,14,145,111,43,48,37,42,217,11
13440,131111,31,N,A,81,25-Mar-2016,07:16:29,-64.0720,-61.0200,"",401677544,-130,6,0,25-Mar-2016,07:16:25,,,190,,,,,,,184,43,48,238,39,2,178,0,164,254,33,57,248,65,173,116,150,68,147,64,153,2,119,108,3,74,251,108,69,155,221
13440,131111,31,N,A,81,25-Mar-2016,07:16:29,-64.0720,-61.0200,"",401677544,-130,6,0,25-Mar-2016,07:18:06,,,190,,,,,,,180,197,253,237,96,58,98,49,1,72,6,171,62,7,78,118,160,221,100,228,138,114,50,85,178,105,115,52,162,148,172
13440,131111,31,A,B,82,25-Mar-2016,07:47:47,-64.1170,-60.9100,"",401677554,-124,7,0,25-Mar-2016,07:47:22,,,51,,,,,,,178,100,160,242,32,66,153,198,1,213,252,122,103,159,159,215,201,59,11,200,79,169,134,41,135,155,49,188,243,123,59
13440,131111,31,A,B,82,25-Mar-2016,07:47:47,-64.1170,-60.9100,"",401677554,-124,7,0,25-Mar-2016,07:48:13,,,51,,,,,,,136,226,235,191,35,99,203,224,43,46,105,68,221,122,161,165,14,42,124,201,7,169,152,171,152,208,194,106,61,121,96
13440,131111,31,K,1,83,25-Mar-2016,08:03:27,-64.1030,-60.9710,"",401677548,-119,46,0,25-Mar-2016,08:01:35,,,251,,,,,,,189,159,48,241,110,128,114,32,65,183,10,133,116,22,58,92,192,160,33,146,180,25,5,78,159,163,100,0,128,0,0
13440,131111,31,K,1,83,25-Mar-2016,08:03:27,-64.1030,-60.9710,"",401677548,-119,46,0,25-Mar-2016,08:02:27,,,251,,,,,,,184,144,176,241,102,65,117,36,64,8,14,201,178,0,64,174,242,164,1,128,109,28,32,131,33,184,193,4,92,0,0
13440,131111,31,K,1,83,25-Mar-2016,08:03:27,-64.1030,-60.9710,"",401677548,-119,46,0,25-Mar-2016,08:04:02,,,251,,,,,,,190,61,176,241,71,130,175,136,82,57,210,16,72,129,174,10,40,41,107,158,99,112,226,0,64,80,128,37,151,120,0
13440,131111,31,K,1,83,25-Mar-2016,08:03:27,-64.1030,-60.9710,"",401677548,-119,46,0,25-Mar-2016,08:05:46,,,251,,,,,,,184,153,16,241,52,65,122,4,128,118,73,16,36,20,184,43,192,129,170,227,56,99,246,225,135,220,202,247,54,130,217
13440,131111,31,N,A,84,25-Mar-2016,08:49:20,-64.1000,-61.0040,"",401677548,-117,8,0,25-Mar-2016,08:49:20,,,163,,,,,,,183,13,112,240,56,65,241,3,72,7,148,248,18,141,79,40,204,252,15,28,142,61,190,198,250,59,78,165,109,201,168
13440,131111,31,N,A,84,25-Mar-2016,08:49:20,-64.1000,-61.0040,"",401677548,-117,8,0,25-Mar-2016,08:50:23,,,163,,,,,,,176,159,0,240,35,2,186,7,82,249,227,198,34,156,78,170,68,85,43,158,82,8,58,86,186,175,80,180,41,116,61
13440,131111,19,N,A,84,25-Mar-2016,08:49:20,-64.1000,-61.0040,"",401677548,-117,8,0,25-Mar-2016,08:52:03,,,163,,,,,,,54,89,192,239,47,214,138,223,87,165,192,201,103,48,131,17,162,193,254
13440,131111,31,R,B,85,25-Mar-2016,09:14:37,-64.1000,-61.0070,"",401677550,-127,6,0,25-Mar-2016,09:14:38,,,,,,,,,,245,130,64,239,73,192,252,47,82,225,221,107,193,206,131,207,118,185,156,23,126,93,229,61,128,69,123,142,5,1,104
13440,131111,31,A,A,86,25-Mar-2016,09:28:32,-64.1080,-61.0020,"",401677536,-126,6,0,25-Mar-2016,09:27:17,,,147,,,,,,,183,72,160,239,7,66,146,132,83,41,229,162,137,161,35,171,201,3,128,178,188,112,107,1,76,82,87,158,120,45,42
13440,131111,31,A,A,86,25-Mar-2016,09:28:32,-64.1080,-61.0020,"",401677536,-126,6,0,25-Mar-2016,09:28:34,,,147,,,,,,,183,60,32,238,248,64,199,30,64,8,21,127,31,158,168,41,93,95,192,157,144,134,192,95,80,200,218,76,137,217,212
13440,131111,31,A,A,86,25-Mar-2016,09:28:32,-64.1080,-61.0020,"",401677536,-126,6,0,25-Mar-2016,09:29:44,,,147,,,,,,,188,108,112,238,231,128,77,30,64,8,20,54,22,158,239,189,143,230,146,198,227,14,46,43,132,220,110,151,129,100,135
13440,131111,31,K,B,87,25-Mar-2016,09:43:37,-64.1140,-60.9830,"",401677541,-117,6,0,25-Mar-2016,09:42:39,,,117,,,,,,,51,167,240,237,43,130,48,124,11,74,245,148,86,199,183,199,172,63,182,254,35,138,67,151,114,240,216,141,76,250,217
13440,131111,7,K,B,87,25-Mar-2016,09:43:37,-64.1140,-60.9830,"",401677541,-117,6,0,25-Mar-2016,09:44:36,,,117,,,,,,,0,0,242,235,22,245,246
13440,131111,31,N,B,88,25-Mar-2016,10:40:12,-64.1250,-60.9380,"",401677541,-135,8,0,25-Mar-2016,10:40:13,,,,,,,,,,185,164,128,242,117,194,157,129,82,61,197,21,21,132,75,170,81,11,71,39,21,30,42,147,174,171,4,45,22,157,0
13440,131111,31,R,1,89,25-Mar-2016,10:57:55,-64.1070,-60.9850,"",401677544,-117,56,0,25-Mar-2016,10:56:24,,,211,,,,,,,190,106,48,242,12,2,167,6,82,157,229,44,68,166,132,80,201,83,206,180,85,169,5,248,31,239,4,236,147,217,123
13440,131111,31,R,1,89,25-Mar-2016,10:57:55,-64.1070,-60.9850,"",401677544,-117,56,0,25-Mar-2016,10:57:18,,,211,,,,,,,183,241,160,242,1,1,28,36,68,151,74,65,114,35,58,79,6,32,215,79,6,143,182,160,205,51,121,80,130,95,226
13440,131111,19,R,1,89,25-Mar-2016,10:57:55,-64.1070,-60.9850,"",401677544,-117,56,0,25-Mar-2016,10:58:02,,,211,,,,,,,56,100,32,240,205,128,4,4,15,28,48,4,76,43,161,180,8,198,255
13440,131111,31,R,1,89,25-Mar-2016,10:57:55,-64.1070,-60.9850,"",401677544,-117,56,0,25-Mar-2016,10:59:55,,,211,,,,,,,189,159,48,241,110,128,114,46,160,0,199,197,216,70,66,174,209,247,80,232,234,227,54,12,72,46,25,24,9,133,183
13440,131111,31,A,B,90,25-Mar-2016,11:09:49,-64.1090,-60.9730,"",401677543,-116,6,0,25-Mar-2016,11:09:50,,,,,,,,,,184,144,176,241,102,65,113,24,149,245,7,144,1,87,238,123,27,102,151,196,28,75,7,62,24,179,48,197,76,27,59
13440,131111,27,K,0,91,25-Mar-2016,11:24:53,-64.1450,-60.9540,"",401677531,-129,46,0,25-Mar-2016,11:23:00,,,204,,,,,,,63,253,209,247,74,188,14,213,78,164,183,33,161,121,86,80,207,145,193,195,26,85,172,161,203,35,57
13440,131111,31,K,0,91,25-Mar-2016,11:24:53,-64.1450,-60.9540,"",401677531,-129,46,0,25-Mar-2016,11:24:37,,,204,,,,,,,189,58,240,241,33,130,203,6,210,89,209,6,96,138,110,175,0,133,55,28,93,169,222,217,131,47,85,92,88,60,194
13440,131111,31,K,0,91,25-Mar-2016,11:24:53,-64.1450,-60.9540,"",401677531,-129,46,0,25-Mar-2016,11:25:31,,,204,,,,,,,181,242,48,241,16,66,158,135,83,225,227,66,108,128,48,19,0,104,123,112,196,129,66,35,139,54,31,76,135,64,0
13440,131111,31,K,0,91,25-Mar-2016,11:24:53,-64.1450,-60.9540,"",401677531,-129,46,0,25-Mar-2016,11:26:24,,,204,,,,,,,186,160,48,240,241,130,179,135,83,241,229,163,17,170,30,242,179,6,214,53,121,75,162,235,196,193,95,253,5,16,14
13440,131111,7,R,B,92,25-Mar-2016,12:37:00,-64.1200,-60.9050,"",401677551,-131,8,0,25-Mar-2016,12:37:00,,,,,,,,,,0,0,243,25,46,64,120
13440,131111,31,A,B,93,25-Mar-2016,12:41:47,-64.1130,-60.9370,"",401677545,-122,6,0,25-Mar-2016,12:41:48,,,,,,,,,,181,226,176,238,141,194,180,129,81,241,229,75,3,164,243,202,242,11,74,87,149,112,14,145,239,42,168,21,41,158,0
13440,131111,31,A,2,94,25-Mar-2016,14:27:38,-64.1020,-60.9890,"",401677546,-115,58,0,25-Mar-2016,14:26:47,,,490,,,,,,,178,3,240,243,14,194,137,4,210,105,229,52,10,163,243,202,3,175,30,239,255,139,164,189,246,192,237,111,48,217,90
13440,131111,31,A,2,94,25-Mar-2016,14:27:38,-64.1020,-60.9890,"",401677546,-115,58,0,25-Mar-2016,14:28:30,,,490,,,,,,,182,72,208,242,235,66,160,158,76,0,28,118,236,33,240,177,173,73,133,190,97,95,166,216,200,198,66,105,127,116,30
13440,131111,19,A,2,94,25-Mar-2016,14:27:38,-64.1020,-60.9890,"",401677546,-115,58,0,25-Mar-2016,14:30:57,,,490,,,,,,,56,100,32,240,205,128,4,4,0,0,0,0,0,6,12,48,112,0,0
13440,131111,31,A,2,94,25-Mar-2016,14:27:38,-64.1020,-60.9890,"",401677546,-115,58,0,25-Mar-2016,14:32:55,,,490,,,,,,,189,116,224,242,217,66,150,198,210,133,213,28,3,163,147,170,59,15,69,247,84,78,18,138,206,169,128,99,91,30,103
13440,131111,31,A,2,94,25-Mar-2016,14:27:38,-64.1020,-60.9890,"",401677546,-115,58,0,25-Mar-2016,14:33:43,,,490,,,,,,,185,81,144,242,197,2,181,133,81,245,197,58,1,163,147,170,127,21,71,247,85,48,34,146,78,170,236,101,21,221,14
13440,131111,31,A,2,94,25-Mar-2016,14:27:38,-64.1020,-60.9890,"",401677546,-115,58,0,25-Mar-2016,14:34:57,,,490,,,,,,,178,95,96,242,176,2,179,134,210,161,197,77,141,164,19,170,137,29,71,183,84,184,30,147,14,42,248,101,42,29,0
13440,131111,31,N,B,95,25-Mar-2016,21:05:34,-64.0860,-60.8590,"",401677561,-129,8,0,25-Mar-2016,21:05:03,,,62,,,,,,,186,160,48,240,241,130,179,135,83,241,229,163,17,170,30,242,179,6,214,53,121,75,162,233,198,234,209,135,213,16,120
13440,131111,31,N,B,95,25-Mar-2016,21:05:34,-64.0860,-60.8590,"",401677561,-129,8,0,25-Mar-2016,21:06:05,,,62,,,,,,,180,51,112,240,220,66,190,13,65,185,213,64,1,164,163,170,122,61,7,87,84,232,10,143,207,41,204,117,42,94,0
13440,131111,31,P,3,96,25-Mar-2016,21:19:09,-64.0990,-61.0750,"",401677547,-120,56,0,25-Mar-2016,21:11:44,,,643,,,,,,,185,254,224,240,120,194,159,132,81,169,245,106,0,174,57,250,78,134,79,153,65,33,19,80,133,239,26,56,115,238,130
13440,131111,31,P,3,96,25-Mar-2016,21:19:09,-64.0990,-61.0750,"",401677547,-120,56,0,25-Mar-2016,21:19:04,,,643,,,,,,,179,196,16,240,85,2,155,207,193,117,197,49,3,163,131,170,166,9,70,7,84,200,22,142,143,40,68,13,16,157,0
13440,131111,31,P,3,96,25-Mar-2016,21:19:09,-64.0990,-61.0750,"",401677547,-120,56,0,25-Mar-2016,21:20:52,,,643,,,,,,,183,13,112,240,56,65,241,3,72,7,148,248,18,141,79,30,251,249,120,207,39,140,177,186,158,170,244,64,49,76,251
13440,131111,31,P,3,96,25-Mar-2016,21:19:09,-64.0990,-61.0750,"",401677547,-120,56,0,25-Mar-2016,21:21:38,,,643,,,,,,,176,159,0,240,35,3,127,75,113,75,79,230,114,128,213,120,16,144,75,128,3,130,198,180,136,130,127,241,106,16,247
13440,131111,31,P,3,96,25-Mar-2016,21:19:09,-64.0990,-61.0750,"",401677547,-120,56,0,25-Mar-2016,21:22:27,,,643,,,,,,,176,238,144,240,23,65,60,16,132,71,70,193,146,20,58,14,199,144,45,165,14,136,165,3,170,89,29,74,71,64,0
13440,131111,31,K,B,97,25-Mar-2016,21:44:17,-64.1040,-61.0610,"",401677552,-121,6,0,25-Mar-2016,21:43:25,,,105,,,,,,,189,101,64,243,112,192,100,40,5,143,148,217,114,19,184,66,203,16,33,145,86,64,128,16,5,226,112,178,244,0,0
13440,131111,31,K,B,97,25-Mar-2016,21:44:17,-64.1040,-61.0610,"",401677552,-121,6,0,25-Mar-2016,21:45:10,,,105,,,,,,,189,249,192,243,87,194,212,169,16,2,3,154,60,173,203,196,148,225,0,32,54,36,10,148,188,61,201,144,89,192,0
13440,131111,19,R,B,98,25-Mar-2016,22:21:43,-64.1070,-61.0450,"",401677539,-122,8,0,25-Mar-2016,22:20:09,,,189,,,,,,,54,89,192,239,44,131,26,32,0,0,0,0,0,2,4,8,0,0,0
13440,131111,31,R,B,98,25-Mar-2016,22:21:43,-64.1070,-61.0450,"",401677539,-122,8,0,25-Mar-2016,22:23:18,,,189,,,,,,,183,241,160,242,1,1,28,36,68,151,74,66,130,177,252,78,52,111,17,235,166,109,42,26,134,200,247,229,126,99,35
13440,131111,7,N,0,99,25-Mar-2016,22:39:32,-64.1000,-60.9900,"",401677547,-120,58,0,25-Mar-2016,22:37:33,,,276,,,,,,,0,0,244,57,83,88,86
13440,131111,31,N,0,99,25-Mar-2016,22:39:32,-64.1000,-60.9900,"",401677547,-120,58,0,25-Mar-2016,22:38:25,,,276,,,,,,,184,144,176,241,102,65,117,36,64,8,142,221,249,246,166,188,182,21,90,23,252,197,45,93,9,29,162,171,30,232,167
13440,131111,31,N,0,99,25-Mar-2016,22:39:32,-64.1000,-60.9900,"",401677547,-120,58,0,25-Mar-2016,22:39:15,,,276,,,,,,,190,20,0,241,91,128,186,62,66,134,43,159,203,12,203,68,209,116,103,26,46,68,32,89,210,206,81,13,32,4,130
13440,131111,31,N,0,99,25-Mar-2016,22:39:32,-64.1000,-60.9900,"",401677547,-120,58,0,25-Mar-2016,22:40:21,,,276,,,,,,,190,61,176,241,71,130,175,136,82,57,210,16,72,129,174,10,40,41,107,158,99,112,226,0,64,80,128,37,148,144,184
13440,131111,31,N,0,99,25-Mar-2016,22:39:32,-64.1000,-60.9900,"",401677547,-120,58,0,25-Mar-2016,22:42:09,,,276,,,,,,,177,110,112,241,59,129,28,18,130,71,10,176,148,18,184,101,3,32,137,194,28,21,12,174,170,56,117,28,30,0,0
13440,131111,31,P,B,100,25-Mar-2016,22:56:25,-64.1010,-60.9800,"",401677545,-122,6,0,25-Mar-2016,22:56:25,,,,,,,,,,176,48,240,240,177,66,178,131,210,97,213,86,8,164,19,202,143,15,71,247,149,26,30,139,110,170,88,93,43,94,0
13440,131111,31,A,B,101,25-Mar-2016,23:10:50,-64.1010,-60.9780,"",401677542,-128,6,0,25-Mar-2016,23:10:50,,,,,,,,,,179,196,16,240,85,2,155,207,193,117,197,49,3,163,131,170,166,9,71,1,118,200,22,142,143,40,68,13,16,157,0
13440,131111,31,K,A,102,25-Mar-2016,23:26:49,-64.1030,-60.9430,"",401677550,-117,8,0,25-Mar-2016,23:24:56,,,243,,,,,,,176,159,0,240,35,2,186,7,82,249,227,198,34,156,78,170,68,85,43,158,82,8,58,86,186,175,80,180,41,116,0
13440,131111,31,K,A,102,25-Mar-2016,23:26:49,-64.1030,-60.9430,"",401677550,-117,8,0,25-Mar-2016,23:26:33,,,243,,,,,,,185,70,16,240,12,192,176,4,131,106,219,246,249,74,250,42,224,24,33,107,120,220,224,110,41,24,140,236,19,68,65
13440,131111,31,K,A,102,25-Mar-2016,23:26:49,-64.1030,-60.9430,"",401677550,-117,8,0,25-Mar-2016,23:28:59,,,243,,,,,,,182,4,144,239,123,193,174,10,128,8,10,240,20,50,58,169,80,212,53,112,72,2,64,219,131,208,34,2,27,0,15
13440,131111,19,K,A,103,26-Mar-2016,01:05:33,-64.1100,-61.0080,"",401677550,-129,8,0,26-Mar-2016,01:03:29,,,220,,,,,,,56,100,32,240,205,128,4,4,0,0,0,0,0,6,12,48,112,0,0
13440,131111,31,K,A,103,26-Mar-2016,01:05:33,-64.1100,-61.0080,"",401677550,-129,8,0,26-Mar-2016,01:06:03,,,220,,,,,,,177,0,80,243,117,128,248,56,66,151,138,24,226,188,239,22,145,196,13,108,195,148,32,83,131,172,225,8,29,0,0
13440,131111,31,K,A,103,26-Mar-2016,01:05:33,-64.1100,-61.0080,"",401677550,-129,8,0,26-Mar-2016,01:07:09,,,220,,,,,,,189,101,64,243,112,192,100,40,71,135,132,217,98,19,184,66,203,16,33,145,86,64,128,16,5,242,100,26,112,0,0
13440,131111,31,B,B,104,26-Mar-2016,01:46:58,-64.0970,-60.8440,"",401677562,-130,8,0,26-Mar-2016,01:45:59,,,118,,,,,,,185,81,144,242,197,2,181,133,81,245,197,58,1,163,147,170,127,21,71,247,85,48,18,81,206,128,198,61,54,50,141
13440,131111,31,B,B,104,26-Mar-2016,01:46:58,-64.0970,-60.8440,"",401677562,-130,8,0,26-Mar-2016,01:47:57,,,118,,,,,,,178,95,96,250,176,2,179,134,232,149,153,194,137,70,124,110,58,111,146,128,59,233,231,151,150,18,178,230,216,24,174
13440,131111,31,N,A,105,26-Mar-2016,02:02:15,-64.1080,-60.9960,"",401677547,-121,6,0,26-Mar-2016,02:00:43,,,160,,,,,,,183,141,48,242,98,2,184,7,211,53,213,50,2,163,27,202,110,1,71,167,20,156,126,13,142,40,156,21,41,156,0
13440,131111,31,N,A,105,26-Mar-2016,02:02:15,-64.1080,-60.9960,"",401677547,-121,6,0,26-Mar-2016,02:02:40,,,160,,,,,,,183,78,224,242,56,194,177,71,82,237,213,90,12,164,43,170,133,25,74,55,85,168,122,14,46,170,8,220,26,220,0
13440,131111,23,N,A,105,26-Mar-2016,02:02:15,-64.1080,-60.9960,"",401677547,-121,6,0,26-Mar-2016,02:03:23,,,160,,,,,,,56,234,64,238,96,155,137,27,225,221,135,144,0,128,0,0,0,0,0,0,7,8,0
13440,131111,31,P,B,106,26-Mar-2016,02:18:07,-64.1220,-61.0990,"",401677534,-125,8,0,26-Mar-2016,02:17:46,,,43,,,,,,,183,241,160,242,1,1,28,36,201,36,153,134,227,75,100,186,76,34,73,34,38,18,219,77,164,76,13,36,180,155,36
13440,131111,31,P,B,106,26-Mar-2016,02:18:07,-64.1220,-61.0990,"",401677534,-125,8,0,26-Mar-2016,02:18:29,,,43,,,,,,,180,237,0,241,119,129,182,44,64,8,10,49,11,58,105,224,137,200,158,54,200,7,143,172,74,249,105,86,116,125,230
13440,131111,31,A,B,107,26-Mar-2016,02:33:05,-64.1210,-61.1290,"",401677542,-110,6,0,26-Mar-2016,02:33:05,,,,,,,,,,177,110,112,241,59,129,28,18,130,71,10,176,148,18,184,101,3,32,137,194,28,21,12,174,170,56,117,28,30,0,0
13440,131111,19,K,B,108,26-Mar-2016,02:45:27,-64.1230,-61.0970,"",401677527,-131,6,0,26-Mar-2016,02:45:28,,,,,,,,,,60,49,48,242,205,187,176,140,225,214,174,156,141,246,138,37,234,157,53
13440,131111,31,B,A,109,26-Mar-2016,03:27:32,-64.1150,-61.0200,"",401677546,-128,6,0,26-Mar-2016,03:26:03,,,212,,,,,,,176,251,0,240,6,1,100,50,66,39,8,121,210,0,64,38,201,18,97,225,226,9,0,16,11,243,228,39,116,0,0
13440,131111,31,B,A,109,26-Mar-2016,03:27:32,-64.1150,-61.0200,"",401677546,-128,6,0,26-Mar-2016,03:26:58,,,212,,,,,,,182,4,144,239,123,209,174,10,128,8,72,240,29,242,162,169,74,183,157,79,86,171,143,1,134,232,186,9,249,119,193
13440,131111,7,B,A,109,26-Mar-2016,03:27:32,-64.1150,-61.0200,"",401677546,-128,6,0,26-Mar-2016,03:29:35,,,212,,,,,,,0,0,244,135,84,177,195
13440,131111,31,N,A,110,26-Mar-2016,03:41:39,-64.1140,-61.0250,"",401677538,-130,6,0,26-Mar-2016,03:40:32,,,160,,,,,,,185,228,128,244,101,130,228,4,104,228,73,138,143,244,227,170,111,18,106,28,187,171,41,116,42,184,255,62,231,190,179
13440,131111,31,N,A,110,26-Mar-2016,03:41:39,-64.1140,-61.0250,"",401677538,-130,6,0,26-Mar-2016,03:41:14,,,160,,,,,,,219,206,0,244,171,246,54,66,66,236,44,213,0,218,150,128,147,154,19,131,110,83,136,133,100,150,7,170,34,39,158
13440,131111,31,N,A,110,26-Mar-2016,03:41:39,-64.1140,-61.0250,"",401677538,-130,6,0,26-Mar-2016,03:43:12,,,160,,,,,,,217,233,128,244,88,0,151,183,44,0,75,55,191,250,192,0,11,59,191,255,236,0,1,183,183,119,92,0,35,59,252
13440,131111,31,P,B,111,26-Mar-2016,03:55:37,-64.1100,-61.0240,"",401677537,-118,6,0,26-Mar-2016,03:55:16,,,42,,,,,,,217,66,80,244,72,1,39,247,212,47,131,174,157,241,113,67,70,68,8,183,69,181,107,16,31,31,83,145,213,146,17
13440,131111,19,P,B,111,26-Mar-2016,03:55:37,-64.1100,-61.0240,"",401677537,-118,6,0,26-Mar-2016,03:55:58,,,42,,,,,,,59,205,37,229,230,184,16,96,138,113,199,249,17,114,187,207,248,196,112
13440,131111,31,A,2,112,26-Mar-2016,04:11:25,-64.0980,-60.9960,"",401677547,-119,56,0,26-Mar-2016,04:10:36,,,401,,,,,,,209,232,224,244,24,0,73,58,86,33,51,73,4,72,134,190,76,71,116,136,136,132,247,76,72,179,68,75,168,75,112
13440,131111,31,A,2,112,26-Mar-2016,04:11:25,-64.0980,-60.9960,"",401677547,-119,56,0,26-Mar-2016,04:11:21,,,401,,,,,,,185,240,192,244,18,66,171,173,16,2,1,106,9,15,79,42,138,201,0,32,55,22,200,14,201,57,54,181,4,147,232
13440,131111,27,A,2,112,26-Mar-2016,04:11:25,-64.0980,-60.9960,"",401677547,-119,56,0,26-Mar-2016,04:12:19,,,401,,,,,,,63,253,208,240,13,128,1,63,196,145,199,252,33,233,184,55,255,221,237,196,177,205,253,95,18,74,121
13440,131111,31,A,2,112,26-Mar-2016,04:11:25,-64.0980,-60.9960,"",401677547,-119,56,0,26-Mar-2016,04:15:36,,,401,,,,,,,180,117,192,244,2,0,197,0,134,71,71,137,146,163,78,134,112,136,48,116,71,0,66,171,162,164,18,14,221,0,0
13440,131111,31,A,2,112,26-Mar-2016,04:11:25,-64.0980,-60.9960,"",401677547,-119,56,0,26-Mar-2016,04:16:28,,,401,,,,,,,177,0,80,243,117,128,248,56,66,151,138,24,226,188,239,22,145,196,13,108,195,148,32,83,131,172,225,8,29,0,0
13440,131111,31,A,2,112,26-Mar-2016,04:11:25,-64.0980,-60.9960,"",401677547,-119,56,0,26-Mar-2016,04:17:17,,,401,,,,,,,189,101,64,243,112,196,96,104,69,135,128,159,154,16,15,250,56,206,60,193,70,64,136,24,133,250,100,26,112,0,68
13440,131111,31,N,B,113,26-Mar-2016,05:20:41,-64.1200,-60.9720,"",401677548,-130,8,0,26-Mar-2016,05:18:40,,,243,,,,,,,183,78,224,242,56,194,177,71,82,237,213,90,12,164,43,170,133,25,74,55,85,168,122,14,46,170,8,220,26,220,0
13440,131111,31,N,B,113,26-Mar-2016,05:20:41,-64.1200,-60.9720,"",401677548,-130,8,0,26-Mar-2016,05:22:43,,,243,,,,,,,253,143,48,241,110,132,114,35,65,167,26,133,116,22,58,84,192,168,161,146,181,25,5,78,159,163,102,0,128,0,0
13440,131111,31,P,1,114,26-Mar-2016,05:35:59,-64.0940,-61.0200,"",401677549,-119,58,0,26-Mar-2016,05:34:13,,,216,,,,,,,184,144,176,241,102,65,117,36,64,8,14,201,178,0,64,174,242,164,1,128,109,28,32,131,33,184,193,4,92,0,0
13440,131111,19,P,1,114,26-Mar-2016,05:35:59,-64.0940,-61.0200,"",401677549,-119,58,0,26-Mar-2016,05:35:03,,,216,,,,,,,60,49,48,242,205,128,6,0,0,0,0,0,0,0,12,128,188,128,172
13440,131111,31,P,1,114,26-Mar-2016,05:35:59,-64.0940,-61.0200,"",401677549,-119,58,0,26-Mar-2016,05:36:53,,,216,,,,,,,190,61,176,245,189,94,37,110,242,50,252,249,55,135,48,29,246,228,8,235,197,31,176,210,10,185,201,234,229,177,72
13440,131111,31,P,1,114,26-Mar-2016,05:35:59,-64.0940,-61.0200,"",401677549,-119,58,0,26-Mar-2016,05:37:49,,,216,,,,,,,177,92,254,32,58,165,2,234,31,38,191,183,227,136,32,254,81,151,152,212,100,15,195,225,214,55,213,22,137,207,86
13440,131111,31,A,A,115,26-Mar-2016,05:53:04,-64.0950,-61.0050,"",401677541,-122,6,0,26-Mar-2016,05:51:58,,,147,,,,,,,186,160,48,240,241,130,179,159,249,33,225,10,67,234,30,242,179,6,214,53,121,75,162,233,198,234,209,135,213,16,120
13440,131111,27,A,A,115,26-Mar-2016,05:53:04,-64.0950,-61.0050,"",401677541,-122,6,0,26-Mar-2016,05:52:50,,,147,,,,,,,51,126,224,242,13,128,6,8,0,0,0,0,0,6,4,88,95,15,38,48,157,129,82,77,120,192,172
13440,131111,31,A,A,115,26-Mar-2016,05:53:04,-64.0950,-61.0050,"",401677541,-122,6,0,26-Mar-2016,05:54:25,,,147,,,,,,,180,89,0,240,198,2,165,5,211,1,229,47,7,166,171,202,210,15,75,151,85,80,10,146,46,172,7,152,233,217,197
13440,131111,31,N,A,116,26-Mar-2016,06:58:05,-64.0970,-61.0400,"",401677549,-127,8,0,26-Mar-2016,06:55:49,,,165,,,,,,,189,109,64,244,121,1,233,15,72,167,21,30,14,139,142,41,124,61,25,93,82,229,30,237,153,23,175,190,76,117,141
13440,131111,31,N,A,116,26-Mar-2016,06:58:05,-64.0970,-61.0400,"",401677549,-127,8,0,26-Mar-2016,06:57:37,,,165,,,,,,,220,237,208,244,120,1,149,128,0,135,59,255,255,236,1,50,53,125,204,180,204,43,120,237,43,78,69,185,140,16,214
13440,131111,31,N,A,116,26-Mar-2016,06:58:05,-64.0970,-61.0400,"",401677549,-127,8,0,26-Mar-2016,06:58:34,,,165,,,,,,,185,212,201,142,233,106,22,179,25,36,162,164,179,69,136,226,168,235,17,115,86,0,165,82,169,170,8,81,145,215,231
13440,131111,31,P,B,117,26-Mar-2016,07:12:59,-64.1020,-61.0340,"",401677546,-133,6,0,26-Mar-2016,07:12:28,,,62,,,,,,,188,144,128,244,66,192,120,121,130,226,207,46,7,192,121,60,35,235,116,35,0,60,212,41,126,79,41,23,250,121,106
13440,131111,31,P,B,117,26-Mar-2016,07:12:59,-64.1020,-61.0340,"",401677546,-133,6,0,26-Mar-2016,07:13:30,,,62,,,,,,,217,66,80,244,78,128,42,116,194,185,233,26,249,40,185,200,122,124,237,206,94,157,242,217,149,236,182,54,134,231,252
13440,131111,31,K,A,118,26-Mar-2016,07:38:48,-64.1120,-60.9940,"",401677542,-119,6,0,26-Mar-2016,07:37:27,,,183,,,,,,,179,86,80,244,29,0,189,60,68,39,136,201,114,0,64,50,142,17,41,209,193,112,210,79,37,12,48,96,168,116,241
13440,131111,31,K,A,118,26-Mar-2016,07:38:48,-64.1120,-60.9940,"",401677542,-119,6,0,26-Mar-2016,07:38:28,,,183,,,,,,,209,232,224,244,24,0,73,58,86,33,51,73,4,219,101,221,42,127,54,190,191,62,24,216,131,168,136,204,161,194,1
13440,131111,31,K,A,118,26-Mar-2016,07:38:48,-64.1120,-60.9940,"",401677542,-119,6,0,26-Mar-2016,07:40:30,,,183,,,,,,,185,240,192,244,18,66,171,173,16,2,1,106,9,15,79,42,138,201,0,32,55,22,200,14,201,57,54,64,118,64,0
13440,131111,19,R,B,119,26-Mar-2016,08:42:34,-64.1110,-60.9920,"",401677552,-132,8,0,26-Mar-2016,08:40:46,,,217,,,,,,,55,232,112,243,45,130,46,16,8,0,0,0,0,0,0,16,16,0,0
13440,131111,31,R,B,119,26-Mar-2016,08:42:34,-64.1110,-60.9920,"",401677552,-132,8,0,26-Mar-2016,08:44:23,,,217,,,,,,,189,214,224,242,156,66,138,130,81,237,213,51,22,134,131,142,120,111,224,38,163,205,32,20,166,82,86,32,47,236,63
13440,131111,19,N,A,120,26-Mar-2016,08:43:36,-64.1080,-60.9930,"",401677549,-121,6,0,26-Mar-2016,08:40:46,,,294,,,,,,,55,232,112,243,45,130,46,16,8,0,0,0,0,0,0,16,16,0,0
13440,131111,31,N,A,120,26-Mar-2016,08:43:36,-64.1080,-60.9930,"",401677549,-121,6,0,26-Mar-2016,08:44:23,,,294,,,,,,,189,214,224,242,156,66,138,130,81,237,213,51,22,130,195,170,56,42,30,73,12,48,90,70,5,187,117,81,167,37,96
13440,131111,31,N,A,120,26-Mar-2016,08:43:36,-64.1080,-60.9930,"",401677549,-121,6,0,26-Mar-2016,08:45:40,,,294,,,,,,,189,222,176,242,137,66,154,128,13,0,129,73,205,76,204,204,204,204,204,204,204,204,153,42,102,230,136,181,107,155,58
13440,131111,31,P,B,121,26-Mar-2016,09:00:52,-64.1060,-60.9890,"",401677548,-135,6,0,26-Mar-2016,09:00:25,,,54,,,,,,,178,100,160,242,32,66,153,198,81,213,213,42,15,165,83,170,154,27,77,87,148,206,38,170,83,171,48,31,84,253,224
13440,131111,31,P,B,121,26-Mar-2016,09:00:52,-64.1060,-60.9890,"",401677548,-135,6,0,26-Mar-2016,09:01:19,,,54,,,,,,,190,106,48,242,12,2,167,6,82,157,229,44,13,164,67,167,188,77,28,157,83,0,202,72,60,164,17,244,147,116,0
13440,131111,27,K,B,122,26-Mar-2016,09:17:21,-64.1020,-60.9890,"",401677547,-123,6,0,26-Mar-2016,09:16:26,,,110,,,,,,,51,126,224,242,13,128,6,8,0,0,0,0,0,6,4,88,95,15,38,48,14,31,56,143,202,0,204
13440,131111,31,K,B,122,26-Mar-2016,09:17:21,-64.1020,-60.9890,"",401677547,-123,6,0,26-Mar-2016,09:18:16,,,110,,,,,,,190,61,176,241,71,130,175,136,82,57,215,1,17,209,130,233,221,149,84,183,247,149,1,121,116,89,176,224,124,122,172
13440,131111,31,R,1,123,26-Mar-2016,10:21:48,-64.1020,-61.0070,"",401677549,-118,46,0,26-Mar-2016,10:18:49,,,329,,,,,,,176,251,0,240,6,1,100,50,66,39,8,121,210,0,64,38,201,18,97,225,226,9,0,16,11,243,228,39,116,0,0
13440,131111,31,R,1,123,26-Mar-2016,10:21:48,-64.1020,-61.0070,"",401677549,-118,46,0,26-Mar-2016,10:20:34,,,329,,,,,,,182,4,144,239,123,193,174,10,128,8,10,131,148,38,109,30,7,187,1,25,133,236,201,224,40,15,137,248,10,245,104
13440,131111,31,R,1,123,26-Mar-2016,10:21:48,-64.1020,-61.0070,"",401677549,-118,46,0,26-Mar-2016,10:21:30,,,329,,,,,,,185,158,31,116,140,62,138,112,244,49,208,233,247,59,127,61,247,246,126,60,123,121,231,240,183,27,193,4,87,49,7
13440,131111,31,R,1,123,26-Mar-2016,10:21:48,-64.1020,-61.0070,"",401677549,-118,46,0,26-Mar-2016,10:22:19,,,329,,,,,,,216,40,112,244,234,19,164,191,187,192,120,27,166,127,93,68,68,5,89,95,141,172,34,243,219,209,240,63,177,0,0
13440,131111,31,R,1,123,26-Mar-2016,10:21:48,-64.1020,-61.0070,"",401677549,-118,46,0,26-Mar-2016,10:23:20,,,329,,,,,,,211,239,96,244,216,1,182,115,119,123,183,4,0,19,55,191,255,172,64,35,127,255,245,192,0,35,127,255,181,192,0
13440,131111,7,R,1,123,26-Mar-2016,10:21:48,-64.1020,-61.0070,"",401677549,-118,46,0,26-Mar-2016,10:24:18,,,329,,,,,,,0,0,244,246,4,156,216
13440,131111,31,N,1,124,26-Mar-2016,10:20:09,-64.0900,-60.9990,"",401677553,-118,48,0,26-Mar-2016,10:18:49,,,329,,,,,,,176,251,0,240,6,1,100,50,66,39,8,121,210,0,64,38,201,18,97,225,226,9,0,16,11,243,228,39,116,0,0
13440,131111,31,N,1,124,26-Mar-2016,10:20:09,-64.0900,-60.9990,"",401677553,-118,48,0,26-Mar-2016,10:21:30,,,329,,,,,,,179,89,92,201,171,184,39,87,216,153,18,193,3,172,141,194,113,43,125,1,89,178,108,47,106,40,62,234,239,48,157
13440,131111,31,N,1,124,26-Mar-2016,10:20:09,-64.0900,-60.9990,"",401677553,-118,48,0,26-Mar-2016,10:23:20,,,329,,,,,,,211,239,96,244,216,1,182,115,119,123,183,4,0,19,55,191,255,172,64,35,127,255,245,192,0,35,127,255,181,192,0
13440,131111,7,N,1,124,26-Mar-2016,10:20:09,-64.0900,-60.9990,"",401677553,-118,48,0,26-Mar-2016,10:24:18,,,329,,,,,,,0,0,244,246,4,156,216
13440,131111,31,A,B,125,26-Mar-2016,10:51:31,-64.1020,-61.0070,"",401677549,-124,6,0,26-Mar-2016,10:51:32,,,,,,,,,,212,38,176,244,168,1,215,100,0,2,115,191,255,246,0,0,35,55,119,119,16,0,31,55,119,118,64,0,1,243,35
13440,131111,31,K,A,126,26-Mar-2016,10:55:18,-64.0960,-61.0090,"",401677546,-127,8,0,26-Mar-2016,10:54:19,,,134,,,,,,,216,215,208,252,136,0,180,1,51,183,223,208,2,18,243,96,93,186,81,173,178,60,131,106,20,39,217,224,80,148,47
13440,131111,31,K,A,126,26-Mar-2016,10:55:18,-64.0960,-61.0090,"",401677546,-127,8,0,26-Mar-2016,10:55:03,,,134,,,,,,,189,109,64,244,121,1,233,15,72,167,21,30,14,139,142,41,124,61,26,93,17,122,46,42,254,41,82,233,220,223,186
13440,131111,31,K,A,126,26-Mar-2016,10:55:18,-64.0960,-61.0090,"",401677546,-127,8,0,26-Mar-2016,10:56:33,,,134,,,,,,,220,237,208,244,120,1,149,128,0,135,59,255,255,236,0,0,43,123,183,113,64,43,59,182,128,0,27,55,123,118,64
13440,131111,31,R,B,127,26-Mar-2016,12:06:27,-64.0920,-61.0160,"",401677546,-127,8,0,26-Mar-2016,12:06:27,,,,,,,,,,183,118,176,243,30,130,157,197,209,197,229,65,13,164,235,202,245,21,65,23,5,212,132,0,64,69,79,16,2,0,0
13440,131111,31,A,B,128,26-Mar-2016,12:31:01,-64.0950,-61.0110,"",401677549,-129,6,0,26-Mar-2016,12:31:02,,,,,,,,,,185,81,144,242,197,2,181,133,81,245,197,58,1,163,147,170,127,21,71,247,85,48,34,146,78,170,236,101,21,221,0
13440,131111,31,A,B,129,26-Mar-2016,14:09:18,-64.0990,-61.0070,"",401677554,-120,8,0,26-Mar-2016,14:09:18,,,,,,,,,,189,159,48,241,110,128,114,32,65,183,10,133,116,22,58,92,192,160,33,146,180,25,5,78,159,163,100,0,128,0,0
13440,131111,31,R,B,130,26-Mar-2016,15:22:21,-64.1070,-60.9930,"",401677541,-130,8,0,26-Mar-2016,15:22:21,,,,,,,,,,187,21,64,240,73,198,31,158,6,149,100,70,244,228,79,123,109,13,62,126,65,157,172,108,174,111,30,199,84,106,243
13440,131111,31,R,B,131,26-Mar-2016,16:57:20,-64.1080,-61.0050,"",401677542,-131,8,0,26-Mar-2016,16:57:20,,,,,,,,,,212,38,176,123,42,84,127,153,9,220,79,110,37,158,2,128,154,129,168,8,61,152,31,53,110,202,123,0,161,12,240
13440,131111,31,P,A,132,26-Mar-2016,21:06:44,-64.0920,-60.9760,"",401677547,-128,8,0,26-Mar-2016,21:01:53,,,624,,,,,,,189,109,64,244,121,1,233,15,72,167,21,30,14,139,142,41,124,61,25,93,82,193,152,58,186,173,99,208,111,112,0
13440,131111,31,P,A,132,26-Mar-2016,21:06:44,-64.0920,-60.9760,"",401677547,-128,8,0,26-Mar-2016,21:11:35,,,624,,,,,,,220,237,208,244,120,1,149,128,0,135,59,255,255,236,0,0,43,123,183,113,68,189,193,93,50,69,255,197,6,59,232
13440,131111,19,P,A,132,26-Mar-2016,21:06:44,-64.0920,-60.9760,"",401677547,-128,8,0,26-Mar-2016,21:12:17,,,624,,,,,,,60,51,48,242,201,160,2,192,13,246,122,18,175,17,245,198,42,214,10
13440,131111,31,R,B,133,26-Mar-2016,21:53:01,-64.1060,-60.9320,"",401677547,-131,8,0,26-Mar-2016,21:47:33,,,657,,,,,,,177,42,176,244,10,128,126,52,69,119,69,216,36,19,186,43,77,19,33,225,62,104,131,142,133,209,196,84,120,0,0
13440,131111,19,R,B,133,26-Mar-2016,21:53:01,-64.1060,-60.9320,"",401677547,-131,8,0,26-Mar-2016,21:58:30,,,657,,,,,,,52,111,224,241,45,129,32,0,64,16,127,155,125,247,253,45,30,99,156
13440,131111,31,N,B,134,26-Mar-2016,22:33:13,-64.1040,-60.9220,"",401677551,-120,8,0,26-Mar-2016,22:33:14,,,,,,,,,,178,95,96,242,176,2,179,134,210,161,197,77,141,164,19,170,137,29,71,183,84,184,30,163,73,182,44,37,42,157,0
13440,131111,31,P,0,135,26-Mar-2016,22:43:58,-64.1010,-60.9240,"",401677555,-123,56,0,26-Mar-2016,22:42:11,,,219,,,,,,,189,214,224,242,156,66,138,130,81,237,213,51,22,131,74,242,176,239,203,127,153,133,16,56,46,106,9,177,230,80,16
13440,131111,31,P,0,135,26-Mar-2016,22:43:58,-64.1010,-60.9240,"",401677555,-123,56,0,26-Mar-2016,22:42:55,,,219,,,,,,,189,222,176,242,169,66,154,140,193,85,213,47,154,131,43,170,98,59,7,247,85,150,70,145,78,169,232,28,205,128,92
13440,131111,31,P,0,135,26-Mar-2016,22:43:58,-64.1010,-60.9240,"",401677555,-123,56,0,26-Mar-2016,22:44:56,,,219,,,,,,,183,141,54,91,131,214,26,76,2,177,155,77,186,219,80,0,161,25,128,60,207,156,41,103,168,208,87,122,245,102,217
13440,131111,31,P,0,135,26-Mar-2016,22:43:58,-64.1010,-60.9240,"",401677555,-123,56,0,26-Mar-2016,22:45:50,,,219,,,,,,,177,39,48,242,77,194,154,79,65,153,197,41,132,164,51,170,82,143,72,103,85,32,50,141,110,169,192,125,36,157,0
13440,131111,31,K,B,136,26-Mar-2016,23:02:54,-64.1050,-60.9230,"",401677546,-120,6,0,26-Mar-2016,23:02:06,,,96,,,,,,,190,106,48,242,12,2,167,6,82,157,229,44,13,164,67,167,188,77,28,157,83,0,202,72,12,164,17,236,129,170,64
13440,131111,31,K,B,136,26-Mar-2016,23:02:54,-64.1050,-60.9230,"",401677546,-120,6,0,26-Mar-2016,23:03:42,,,96,,,,,,,180,237,0,241,119,129,194,47,159,154,178,32,111,42,58,97,51,192,80,33,30,90,142,164,199,237,219,16,178,89,132
13440,131111,31,B,B,137,27-Mar-2016,01:20:48,-64.1090,-60.9210,"",401677543,-133,8,0,27-Mar-2016,01:20:48,,,,,,,,,,208,234,127,195,26,118,228,78,234,181,0,112,217,178,176,229,6,200,73,206,155,123,247,242,87,63,49,91,197,99,26
13440,131111,31,N,0,138,27-Mar-2016,01:51:24,-64.1010,-60.8800,"",401677566,-128,46,0,27-Mar-2016,01:49:41,,,210,,,,,,,179,173,224,244,139,66,164,66,82,121,213,31,2,162,187,129,162,145,27,29,84,24,170,78,56,170,169,20,127,116,0
13440,131111,31,N,0,138,27-Mar-2016,01:51:24,-64.1010,-60.8800,"",401677566,-128,46,0,27-Mar-2016,01:50:26,,,210,,,,,,,212,28,144,244,152,1,116,27,55,183,113,64,4,0,2,247,251,255,92,0,1,115,119,187,118,0,0,43,127,255,252
13440,131111,19,N,0,138,27-Mar-2016,01:51:24,-64.1010,-60.8800,"",401677566,-128,46,0,27-Mar-2016,01:52:21,,,210,,,,,,,56,100,32,240,205,128,4,23,114,30,157,49,125,36,183,103,185,83,254
13440,131111,31,N,0,138,27-Mar-2016,01:51:24,-64.1010,-60.8800,"",401677566,-128,46,0,27-Mar-2016,01:53:11,,,210,,,,,,,189,109,64,244,121,1,233,15,72,167,21,30,14,139,142,41,124,61,25,93,82,193,152,58,186,169,99,208,111,112,0
13440,131111,31,P,2,139,27-Mar-2016,02:04:27,-64.1170,-60.9510,"",401677551,-132,56,0,27-Mar-2016,02:02:19,,,369,,,,,,,220,237,208,244,120,1,149,128,0,135,59,255,255,236,0,0,43,123,183,113,64,43,59,182,128,0,27,53,248,92,206
13440,131111,31,P,2,139,27-Mar-2016,02:04:27,-64.1170,-60.9510,"",401677551,-132,56,0,27-Mar-2016,02:03:05,,,369,,,,,,,185,228,192,244,101,130,153,0,209,165,213,60,136,164,179,170,71,13,74,167,85,80,46,147,110,169,126,47,32,148,64
13440,131111,31,P,2,139,27-Mar-2016,02:04:27,-64.1170,-60.9510,"",401677551,-132,56,0,27-Mar-2016,02:03:51,,,369,,,,,,,219,206,0,244,104,5,55,182,0,0,33,127,194,29,200,249,199,193,131,99,197,247,23,241,48,228,254,181,65,30,108
13440,131111,31,P,2,139,27-Mar-2016,02:04:27,-64.1170,-60.9510,"",401677551,-132,56,0,27-Mar-2016,02:04:33,,,369,,,,,,,177,145,240,244,82,66,152,194,82,65,197,75,3,164,155,170,62,51,7,103,20,208,10,143,14,169,172,45,26,220,0
13440,131111,19,P,2,139,27-Mar-2016,02:04:27,-64.1170,-60.9510,"",401677551,-132,56,0,27-Mar-2016,02:08:28,,,369,,,,,,,48,238,96,244,205,128,10,32,0,0,0,0,0,0,16,224,32,0,137
13440,131111,31,A,1,140,27-Mar-2016,02:13:32,-64.1080,-60.9480,"",401677547,-114,46,0,27-Mar-2016,02:07:37,,,579,,,,,,,188,144,128,244,66,192,36,245,11,63,124,217,194,22,91,12,197,237,207,230,217,187,3,176,123,88,248,145,40,4,19
13440,131111,31,A,1,140,27-Mar-2016,02:13:32,-64.1080,-60.9480,"",401677547,-114,46,0,27-Mar-2016,02:12:15,,,579,,,,,,,217,66,80,244,72,1,55,247,24,0,128,68,128,43,119,183,100,0,2,247,119,49,192,2,115,119,118,128,0,47,116
13440,131111,31,A,1,140,27-Mar-2016,02:13:32,-64.1080,-60.9480,"",401677547,-114,46,0,27-Mar-2016,02:14:04,,,579,,,,,,,212,183,208,244,56,1,148,0,0,43,187,182,64,0,68,12,0,19,55,123,183,96,0,2,55,255,173,64,0,2,184
13440,131111,31,A,1,140,27-Mar-2016,02:13:32,-64.1080,-60.9480,"",401677547,-114,46,0,27-Mar-2016,02:16:30,,,579,,,,,,,185,129,160,244,37,192,155,4,151,93,225,110,56,156,206,168,92,93,38,29,80,64,90,89,95,135,127,238,34,6,83
13440,131111,31,A,1,140,27-Mar-2016,02:13:32,-64.1080,-60.9480,"",401677547,-114,46,0,27-Mar-2016,02:17:16,,,579,,,,,,,210,98,64,244,41,195,58,40,149,70,26,219,135,133,249,175,94,205,191,231,174,102,75,249,105,218,104,144,135,198,142
13440,131111,31,K,1,141,27-Mar-2016,02:19:34,-64.1250,-60.9480,"",401677551,-122,56,0,27-Mar-2016,02:17:16,,,238,,,,,,,210,98,64,244,40,159,90,175,73,226,98,90,11,118,177,173,58,22,69,14,9,5,186,84,37,58,138,52,153,1,128
13440,131111,31,K,1,141,27-Mar-2016,02:19:34,-64.1250,-60.9480,"",401677551,-122,56,0,27-Mar-2016,02:19:27,,,238,,,,,,,179,86,80,244,29,0,189,146,182,45,136,201,114,0,64,50,142,17,41,209,193,112,132,109,153,211,208,92,120,0,0
13440,131111,31,K,1,141,27-Mar-2016,02:19:34,-64.1250,-60.9480,"",401677551,-122,56,0,27-Mar-2016,02:20:21,,,238,,,,,,,209,232,224,244,24,0,73,58,86,33,51,73,4,72,134,190,76,71,116,136,136,132,247,76,72,179,68,75,168,75,112
13440,131111,19,K,1,141,27-Mar-2016,02:19:34,-64.1250,-60.9480,"",401677551,-122,56,0,27-Mar-2016,02:21:14,,,238,,,,,,,50,215,96,244,109,128,2,0,0,0,0,0,0,6,40,80,16,0,0
13440,131111,31,N,B,142,27-Mar-2016,03:30:28,-64.0940,-60.9760,"",401677553,-127,8,0,27-Mar-2016,03:28:25,,,247,,,,,,,178,51,224,246,120,64,61,30,65,102,132,72,52,7,174,233,127,200,101,178,228,158,86,249,240,14,191,101,84,249,243
13440,131111,31,N,B,142,27-Mar-2016,03:30:28,-64.0940,-60.9760,"",401677553,-127,8,0,27-Mar-2016,03:32:32,,,247,,,,,,,190,151,0,246,71,66,157,74,193,101,181,41,22,131,3,170,8,29,7,183,20,144,22,145,110,41,224,77,27,157,0
13440,131111,31,P,1,143,27-Mar-2016,03:42:36,-64.1060,-60.9970,"",401677552,-124,46,0,27-Mar-2016,03:40:21,,,356,,,,,,,181,181,0,245,122,194,157,198,82,117,199,60,193,201,241,232,124,111,217,77,14,121,9,111,143,45,159,118,205,157,252
13440,131111,31,P,1,143,27-Mar-2016,03:42:36,-64.1060,-60.9970,"",401677552,-124,46,0,27-Mar-2016,03:41:20,,,356,,,,,,,216,29,48,245,120,1,247,241,192,0,14,115,255,255,164,0,0,36,254,123,211,215,216,161,13,136,163,253,142,199,245
13440,131111,31,P,1,143,27-Mar-2016,03:42:36,-64.1060,-60.9970,"",401677552,-124,46,0,27-Mar-2016,03:42:29,,,356,,,,,,,190,80,240,245,105,128,87,30,65,90,112,45,45,159,124,54,137,119,115,255,165,153,166,149,210,32,148,10,111,73,61
13440,131111,31,P,1,143,27-Mar-2016,03:42:36,-64.1060,-60.9970,"",401677552,-124,46,0,27-Mar-2016,03:46:17,,,356,,,,,,,176,87,224,245,101,128,86,174,64,215,4,232,84,22,56,17,76,144,61,177,20,13,1,205,10,128,40,52,112,0,0
13440,131111,31,A,3,144,27-Mar-2016,03:51:45,-64.1140,-61.0130,"",401677548,-112,56,0,27-Mar-2016,03:46:17,,,579,,,,,,,176,87,224,245,101,128,86,174,64,215,4,232,84,22,60,17,76,144,61,177,20,13,1,221,10,128,104,52,112,0,0
13440,131111,31,A,3,144,27-Mar-2016,03:51:45,-64.1140,-61.0130,"",401677548,-112,56,0,27-Mar-2016,03:49:34,,,579,,,,,,,181,169,96,245,88,64,203,18,130,118,197,184,68,3,172,64,193,176,33,146,38,89,132,78,144,50,108,75,112,0,0
13440,131111,19,A,3,144,27-Mar-2016,03:51:45,-64.1140,-61.0130,"",401677548,-112,56,0,27-Mar-2016,03:50:43,,,579,,,,,,,56,100,32,240,205,128,4,4,0,0,0,0,100,236,55,223,49,51,127
13440,131111,31,A,3,144,27-Mar-2016,03:51:45,-64.1140,-61.0130,"",401677548,-112,56,0,27-Mar-2016,03:53:34,,,579,,,,,,,208,90,144,245,88,2,206,28,26,102,0,162,24,98,101,196,97,70,102,64,102,72,36,239,24,251,244,11,62,68,164
13440,131111,31,A,3,144,27-Mar-2016,03:51:45,-64.1140,-61.0130,"",401677548,-112,56,0,27-Mar-2016,03:54:27,,,579,,,,,,,190,55,128,245,81,1,66,8,130,23,8,32,52,21,58,82,4,32,145,209,94,5,5,14,149,113,40,10,112,0,0
13440,131111,31,A,3,144,27-Mar-2016,03:51:45,-64.1140,-61.0130,"",401677548,-112,56,0,27-Mar-2016,03:55:56,,,579,,,,,,,188,189,32,245,71,129,70,10,130,118,203,33,226,15,186,90,0,32,4,163,24,9,4,14,147,160,104,35,108,0,0
13440,131111,31,N,A,145,27-Mar-2016,05:09:04,-64.0560,-60.9790,"",401677580,-137,6,0,27-Mar-2016,05:07:33,,,195,,,,,,,212,183,208,244,56,1,148,0,0,43,187,182,64,0,68,12,0,19,55,123,183,96,0,2,55,255,173,64,0,2,184
13440,131111,31,N,A,145,27-Mar-2016,05:09:04,-64.0560,-60.9790,"",401677580,-137,6,0,27-Mar-2016,05:08:51,,,195,,,,,,,185,161,54,74,165,192,155,4,151,93,225,110,56,156,206,168,92,93,38,29,80,64,90,89,58,37,15,145,157,208,0
13440,131111,31,N,A,145,27-Mar-2016,05:09:04,-64.0560,-60.9790,"",401677580,-137,6,0,27-Mar-2016,05:10:48,,,195,,,,,,,179,86,80,244,29,0,189,60,68,39,136,201,114,0,64,50,142,17,41,209,193,112,132,108,153,211,208,92,120,20,113
13440,131111,31,P,1,146,27-Mar-2016,05:18:41,-64.1490,-60.9400,"",401677547,-121,58,0,27-Mar-2016,05:18:03,,,630,,,,,,,177,42,176,244,10,128,126,52,69,119,69,216,36,19,186,43,76,44,170,107,225,102,216,233,19,39,177,213,215,34,211
13440,131111,31,P,1,146,27-Mar-2016,05:18:41,-64.1490,-60.9400,"",401677547,-121,58,0,27-Mar-2016,05:19:19,,,630,,,,,,,213,70,42,138,246,121,117,104,199,109,44,57,16,192,60,253,199,48,135,246,232,95,162,0,206,231,201,15,233,202,254
13440,131111,31,P,1,146,27-Mar-2016,05:18:41,-64.1490,-60.9400,"",401677547,-121,58,0,27-Mar-2016,05:21:44,,,630,,,,,,,180,117,192,244,2,0,197,0,134,71,71,137,146,163,78,134,112,136,48,116,71,0,66,171,162,164,18,14,221,0,2
13440,131111,31,P,1,146,27-Mar-2016,05:18:41,-64.1490,-60.9400,"",401677547,-121,58,0,27-Mar-2016,05:22:30,,,630,,,,,,,177,0,80,243,117,128,248,56,66,151,138,24,226,188,239,22,150,87,1,251,118,177,248,211,123,171,195,245,252,80,217
13440,131111,31,P,1,146,27-Mar-2016,05:18:41,-64.1490,-60.9400,"",401677547,-121,58,0,27-Mar-2016,05:23:12,,,630,,,,,,,189,101,64,243,112,192,100,40,71,135,132,217,98,19,184,66,203,16,33,145,86,64,128,16,5,242,100,26,112,0,0
13440,131111,19,P,1,146,27-Mar-2016,05:18:41,-64.1490,-60.9400,"",401677547,-121,58,0,27-Mar-2016,05:26:50,,,630,,,,,,,52,111,224,241,45,129,32,73,24,93,251,57,184,63,70,69,181,220,227
13440,131111,31,P,1,146,27-Mar-2016,05:18:41,-64.1490,-60.9400,"",401677547,-121,58,0,27-Mar-2016,05:28:33,,,630,,,,,,,189,249,192,243,87,194,212,169,16,2,3,154,60,173,203,196,148,225,0,32,54,36,10,148,188,61,201,144,89,192,42
13440,131111,31,A,A,147,27-Mar-2016,05:31:44,-64.1350,-61.0910,"",401677555,-122,6,0,27-Mar-2016,05:30:12,,,234,,,,,,,176,165,112,243,58,192,222,154,129,103,12,104,134,0,64,200,18,164,0,130,50,160,153,0,32,82,178,230,35,183,239
13440,131111,31,A,A,147,27-Mar-2016,05:31:44,-64.1350,-61.0910,"",401677555,-122,6,0,27-Mar-2016,05:30:57,,,234,,,,,,,186,193,64,243,44,129,227,62,64,8,12,97,2,179,175,15,66,132,9,96,163,152,32,227,98,76,177,84,23,128,0
13440,131111,31,A,A,147,27-Mar-2016,05:31:44,-64.1350,-61.0910,"",401677555,-122,6,0,27-Mar-2016,05:34:06,,,234,,,,,,,178,3,240,208,65,236,30,25,207,161,77,96,253,25,152,203,207,195,232,120,31,228,203,244,51,0,71,170,53,72,169
13440,131111,31,K,B,148,27-Mar-2016,05:40:36,-64.1350,-61.0870,"",401677552,-133,6,0,27-Mar-2016,05:40:37,,,,,,,,,,189,214,224,242,156,66,138,130,81,237,213,51,22,131,3,170,58,59,7,215,20,130,34,140,14,43,64,125,37,92,0
13440,131111,31,N,A,149,27-Mar-2016,06:49:27,-64.1850,-61.1740,"",401677548,-128,8,0,27-Mar-2016,06:46:34,,,387,,,,,,,215,69,128,245,40,0,200,251,210,15,60,68,230,117,16,91,95,65,118,58,50,165,91,171,208,67,69,22,186,88,225
13440,131111,31,N,A,149,27-Mar-2016,06:49:27,-64.1850,-61.1740,"",401677548,-128,8,0,27-Mar-2016,06:48:46,,,387,,,,,,,188,120,0,245,27,128,65,6,128,8,2,249,34,9,182,58,129,32,69,194,164,124,131,142,153,128,72,61,116,0,0
13440,131111,31,N,A,149,27-Mar-2016,06:49:27,-64.1850,-61.1740,"",401677548,-128,8,0,27-Mar-2016,06:53:01,,,387,,,,,,,176,190,16,245,9,2,202,134,82,101,227,68,9,0,16,15,131,196,24,116,170,133,64,83,67,212,18,0,96,0,0
13440,131111,19,P,2,150,27-Mar-2016,07:01:11,-64.2050,-61.1380,"",401677544,-122,56,0,27-Mar-2016,06:59:03,,,719,,,,,,,56,100,32,240,205,128,4,4,0,0,0,0,0,6,12,48,112,0,0
13440,131111,31,P,2,150,27-Mar-2016,07:01:11,-64.2050,-61.1380,"",401677544,-122,56,0,27-Mar-2016,07:03:20,,,719,,,,,,,186,48,224,244,198,194,163,131,209,153,197,107,3,165,147,170,246,5,20,140,65,246,75,237,229,152,4,92,134,218,72
13440,131111,31,P,2,150,27-Mar-2016,07:01:11,-64.2050,-61.1380,"",401677544,-122,56,0,27-Mar-2016,07:04:21,,,719,,,,,,,210,65,96,244,200,58,72,53,8,197,64,104,119,166,73,59,236,224,143,209,15,142,107,252,212,23,192,59,143,200,26
13440,131111,31,P,2,150,27-Mar-2016,07:01:11,-64.2050,-61.1380,"",401677544,-122,56,0,27-Mar-2016,07:05:21,,,719,,,,,,,176,199,16,244,178,194,177,4,82,65,213,108,2,163,163,170,122,9,72,7,85,60,6,143,14,41,60,53,22,220,0
13440,131111,31,P,2,150,27-Mar-2016,07:01:11,-64.2050,-61.1380,"",401677544,-122,56,0,27-Mar-2016,07:06:22,,,719,,,,,,,215,167,48,244,184,1,183,255,245,192,0,27,55,187,187,172,0,0,47,119,119,183,92,0,19,55,183,119,4,0,20
13440,131111,31,P,2,150,27-Mar-2016,07:01:11,-64.2050,-61.1380,"",401677544,-122,56,0,27-Mar-2016,07:07:17,,,719,,,,,,,181,244,64,244,156,130,180,133,209,245,213,109,141,164,27,138,140,63,7,247,84,196,10,150,78,170,196,109,37,93,0
13440,131111,31,P,2,150,27-Mar-2016,07:01:11,-64.2050,-61.1380,"",401677544,-122,56,0,27-Mar-2016,07:08:42,,,719,,,,,,,212,38,176,244,168,1,215,100,0,2,115,191,255,246,0,0,35,55,119,119,16,0,31,55,119,118,64,0,1,243,188
13440,131111,7,P,2,150,27-Mar-2016,07:01:11,-64.2050,-61.1380,"",401677544,-122,56,0,27-Mar-2016,07:10:16,,,719,,,,,,,0,0,246,194,129,133,190
13440,131111,31,P,2,150,27-Mar-2016,07:01:11,-64.2050,-61.1380,"",401677544,-122,56,0,27-Mar-2016,07:11:02,,,719,,,,,,,51,236,224,245,45,128,28,120,8,16,32,0,0,0,0,24,47,15,224,48,93,130,0,4,8,32,98,131,0,0,0
13440,131111,31,A,A,151,27-Mar-2016,07:08:45,-64.2160,-61.1460,"",401677550,-129,6,0,27-Mar-2016,07:07:17,,,179,,,,,,,181,244,64,244,156,130,180,133,209,245,213,109,141,164,27,138,140,63,7,247,84,196,10,150,78,170,196,109,37,93,0
13440,131111,31,A,A,151,27-Mar-2016,07:08:45,-64.2160,-61.1460,"",401677550,-129,6,0,27-Mar-2016,07:08:42,,,179,,,,,,,212,38,176,244,168,1,215,100,0,2,115,191,255,246,0,0,35,55,119,119,16,0,31,55,119,118,64,0,1,243,188
13440,131111,7,A,A,151,27-Mar-2016,07:08:45,-64.2160,-61.1460,"",401677550,-129,6,0,27-Mar-2016,07:10:16,,,179,,,,,,,0,0,246,194,129,133,190
13440,131111,7,K,2,152,27-Mar-2016,07:14:26,-64.2030,-61.1440,"",401677549,-122,56,0,27-Mar-2016,07:10:16,,,503,,,,,,,0,0,246,194,129,133,190
13440,131111,31,K,2,152,27-Mar-2016,07:14:26,-64.2030,-61.1440,"",401677549,-122,56,0,27-Mar-2016,07:11:02,,,503,,,,,,,51,236,224,245,45,128,28,120,8,16,32,0,0,0,0,24,47,15,96,48,93,130,0,4,8,32,98,131,0,0,0
13440,131111,31,K,2,152,27-Mar-2016,07:14:26,-64.2030,-61.1440,"",401677549,-122,56,0,27-Mar-2016,07:14:42,,,503,,,,,,,216,215,208,244,136,0,244,1,51,191,255,80,0,26,243,119,118,64,1,47,123,183,113,68,170,146,251,103,134,51,250
13440,131111,31,K,2,152,27-Mar-2016,07:14:26,-64.2030,-61.1440,"",401677549,-122,56,0,27-Mar-2016,07:17:34,,,503,,,,,,,185,228,192,244,101,130,153,0,209,165,213,60,136,164,179,170,71,13,74,167,85,80,46,147,110,169,124,61,19,92,0
13440,131111,31,K,2,152,27-Mar-2016,07:14:26,-64.2030,-61.1440,"",401677549,-122,56,0,27-Mar-2016,07:18:39,,,503,,,,,,,219,206,0,244,104,1,55,182,0,0,43,119,191,176,64,2,251,187,119,12,0,47,123,255,182,0,0,95,55,251,176
13440,131111,19,N,0,153,27-Mar-2016,08:33:03,-64.2070,-61.2620,"",401677548,-118,48,0,27-Mar-2016,08:28:21,,,492,,,,,,,52,111,224,241,45,129,32,64,1,248,11,90,85,127,143,29,246,181,107
13440,131111,31,N,0,153,27-Mar-2016,08:33:03,-64.2070,-61.2620,"",401677548,-118,48,0,27-Mar-2016,08:30:01,,,492,,,,,,,178,187,0,246,179,192,109,16,143,71,66,121,130,8,56,20,200,144,69,208,106,76,128,16,5,82,228,39,108,0,0
13440,131111,31,N,0,153,27-Mar-2016,08:33:03,-64.2070,-61.2620,"",401677548,-118,48,0,27-Mar-2016,08:32:50,,,492,,,,,,,190,193,32,246,171,128,125,24,130,167,68,152,212,0,64,60,192,67,49,224,186,56,143,15,17,233,72,60,116,0,2
13440,131111,31,N,0,153,27-Mar-2016,08:33:03,-64.2070,-61.2620,"",401677548,-118,48,0,27-Mar-2016,08:33:47,,,492,,,,,,,182,101,128,246,162,193,32,152,200,247,131,121,194,22,58,54,65,176,209,194,144,68,128,16,6,82,5,77,158,0,0
13440,131111,31,N,0,153,27-Mar-2016,08:33:03,-64.2070,-61.2620,"",401677548,-118,48,0,27-Mar-2016,08:34:32,,,492,,,,,,,181,80,0,246,157,128,139,10,128,8,8,204,115,162,157,155,83,35,239,77,115,86,18,107,24,29,86,177,5,93,121
13440,131111,7,N,0,153,27-Mar-2016,08:33:03,-64.2070,-61.2620,"",401677548,-118,48,0,27-Mar-2016,08:35:20,,,492,,,,,,,0,0,201,211,166,70,178
13440,131111,31,N,0,153,27-Mar-2016,08:33:03,-64.2070,-61.2620,"",401677548,-118,48,0,27-Mar-2016,08:36:33,,,492,,,,,,,180,133,128,246,153,128,144,162,64,8,12,216,212,19,56,36,69,32,2,1,82,45,2,14,14,49,232,0,128,0,0
13440,131111,31,P,B,154,27-Mar-2016,08:45:10,-64.2070,-61.2610,"",401677554,-139,6,0,27-Mar-2016,08:45:11,,,,,,,,,,183,211,0,246,124,0,160,52,67,151,75,16,132,17,58,68,132,160,65,209,110,13,2,44,134,179,132,13,100,0,0
13440,131111,31,K,B,155,27-Mar-2016,08:50:05,-64.2110,-61.2710,"",401677543,-121,6,0,27-Mar-2016,08:48:30,,,191,,,,,,,190,108,0,246,109,66,150,69,81,45,193,50,29,4,142,11,161,72,55,112,82,147,68,179,167,44,61,23,220,0,0
13440,131111,31,K,B,155,27-Mar-2016,08:50:05,-64.2110,-61.2710,"",401677543,-121,6,0,27-Mar-2016,08:51:41,,,191,,,,,,,179,97,192,246,89,66,147,132,210,101,213,18,10,164,251,138,134,19,73,167,20,216,22,146,46,169,208,69,33,221,0
13440,131111,31,A,B,156,27-Mar-2016,08:50:05,-64.2170,-61.2400,"",401677537,-122,6,0,27-Mar-2016,08:48:30,,,191,,,,,,,190,108,0,246,109,66,150,69,81,45,193,50,29,4,142,11,161,72,55,112,82,147,68,179,167,44,61,23,220,0,0
13440,131111,31,A,B,156,27-Mar-2016,08:50:05,-64.2170,-61.2400,"",401677537,-122,6,0,27-Mar-2016,08:51:41,,,191,,,,,,,179,97,192,246,89,66,147,132,210,101,213,18,10,164,251,138,134,19,73,167,20,216,22,146,46,169,208,69,33,221,0
13440,131111,31,R,2,157,27-Mar-2016,09:54:38,-64.2720,-61.1720,"",401677544,-126,58,0,27-Mar-2016,09:50:42,,,424,,,,,,,186,48,232,117,212,178,37,43,44,90,28,95,106,215,242,48,192,88,161,60,201,204,172,62,173,195,78,25,131,82,20
13440,131111,31,R,2,157,27-Mar-2016,09:54:38,-64.2720,-61.1720,"",401677544,-126,58,0,27-Mar-2016,09:51:59,,,424,,,,,,,210,65,96,244,200,0,247,55,123,187,168,0,11,58,249,59,209,178,159,210,35,227,246,249,106,98,150,153,103,129,199
13440,131111,19,R,2,157,27-Mar-2016,09:54:38,-64.2720,-61.1720,"",401677544,-126,58,0,27-Mar-2016,09:54:52,,,424,,,,,,,60,49,48,242,205,152,163,100,25,234,224,136,25,126,183,59,121,138,170
13440,131111,31,R,2,157,27-Mar-2016,09:54:38,-64.2720,-61.1720,"",401677544,-126,58,0,27-Mar-2016,09:55:39,,,424,,,,,,,215,167,48,244,184,1,183,255,245,192,0,27,55,187,187,172,0,0,47,119,119,183,92,0,19,55,183,119,4,0,20
13440,131111,31,R,2,157,27-Mar-2016,09:54:38,-64.2720,-61.1720,"",401677544,-126,58,0,27-Mar-2016,09:56:53,,,424,,,,,,,181,244,64,244,156,130,180,133,209,245,215,57,140,231,57,202,49,156,231,152,70,113,140,87,52,198,119,60,204,205,78
13440,131111,31,R,2,157,27-Mar-2016,09:54:38,-64.2720,-61.1720,"",401677544,-126,58,0,27-Mar-2016,09:57:46,,,424,,,,,,,212,38,176,244,168,1,215,100,0,2,115,191,255,246,0,0,35,55,119,119,16,4,182,166,95,99,67,55,110,28,0
13440,131111,31,N,2,158,27-Mar-2016,10:08:49,-64.2800,-61.1890,"",401677546,-124,56,0,27-Mar-2016,10:07:55,,,602,,,,,,,185,228,192,244,101,130,153,0,209,165,213,60,136,164,179,170,71,13,74,167,85,80,46,147,110,169,124,61,19,92,0
13440,131111,7,N,2,158,27-Mar-2016,10:08:49,-64.2800,-61.1890,"",401677546,-124,56,0,27-Mar-2016,10:09:43,,,602,,,,,,,0,0,246,242,93,127,112
13440,131111,31,N,2,158,27-Mar-2016,10:08:49,-64.2800,-61.1890,"",401677546,-124,56,0,27-Mar-2016,10:10:44,,,602,,,,,,,177,145,240,246,29,128,140,32,130,161,5,11,22,205,243,35,193,236,124,28,125,151,247,56,112,171,40,173,26,220,0
13440,131111,31,N,2,158,27-Mar-2016,10:08:49,-64.2800,-61.1890,"",401677546,-124,56,0,27-Mar-2016,10:17:57,,,602,,,,,,,217,233,128,244,88,0,151,183,44,0,75,55,191,250,192,0,11,59,191,255,236,0,1,183,183,119,92,0,35,59,252
13440,131111,31,A,3,159,27-Mar-2016,10:25:54,-64.2820,-61.1660,"",401677548,-122,56,0,27-Mar-2016,10:21:45,,,452,,,,,,,188,18,120,244,54,130,170,130,82,41,213,6,139,165,35,167,172,69,17,221,8,163,200,22,208,133,48,64,214,192,0
13440,131111,31,A,3,159,27-Mar-2016,10:25:54,-64.2820,-61.1660,"",401677548,-122,56,0,27-Mar-2016,10:25:47,,,452,,,,,,,212,183,208,244,56,1,148,0,0,43,187,182,64,0,68,12,0,19,55,123,183,96,0,2,55,255,173,64,22,2,87
13440,131111,31,A,3,159,27-Mar-2016,10:25:54,-64.2820,-61.1660,"",401677548,-122,56,0,27-Mar-2016,10:26:48,,,452,,,,,,,185,129,160,244,37,192,155,4,151,93,225,110,56,156,206,168,92,93,38,29,80,64,90,89,58,37,15,145,157,208,0
13440,131111,31,A,3,159,27-Mar-2016,10:25:54,-64.2820,-61.1660,"",401677548,-122,56,0,27-Mar-2016,10:29:17,,,452,,,,,,,210,98,64,244,40,1,116,0,204,4,64,0,95,114,3,96,89,212,164,228,154,66,141,38,86,123,68,209,11,143,33
13440,131111,31,K,A,160,27-Mar-2016,10:35:41,-64.2780,-61.1770,"",401677547,-127,6,0,27-Mar-2016,10:33:26,,,364,,,,,,,209,232,224,244,24,0,73,58,86,33,51,73,4,72,134,190,76,71,116,136,136,132,247,76,72,179,68,75,146,193,47
13440,131111,31,K,A,160,27-Mar-2016,10:35:41,-64.2780,-61.1770,"",401677547,-127,6,0,27-Mar-2016,10:34:10,,,364,,,,,,,185,240,192,244,18,66,171,173,16,2,1,106,9,15,79,17,107,206,60,162,1,213,55,112,69,152,165,6,62,230,139
13440,131111,31,K,A,160,27-Mar-2016,10:35:41,-64.2780,-61.1770,"",401677547,-127,6,0,27-Mar-2016,10:39:30,,,364,,,,,,,161,42,245,19,184,127,38,105,171,244,142,29,63,148,138,173,23,118,94,10,4,155,182,8,148,115,226,11,131,0,27
13440,131111,31,B,B,161,27-Mar-2016,11:21:06,-64.3050,-61.1810,"",401677545,-128,8,0,27-Mar-2016,11:21:07,,,,,,,,,,178,95,96,242,176,2,179,134,210,161,197,77,141,164,19,170,137,29,71,183,84,184,30,147,9,225,25,193,124,59,187
13440,131111,31,R,B,162,27-Mar-2016,11:32:05,-64.2990,-61.2090,"",401677545,-134,6,0,27-Mar-2016,11:28:39,,,414,,,,,,,183,141,48,242,98,2,184,7,211,53,213,50,2,163,27,202,110,1,71,167,20,156,126,13,142,40,156,21,41,156,0
13440,131111,19,R,B,162,27-Mar-2016,11:32:05,-64.2990,-61.2090,"",401677545,-134,6,0,27-Mar-2016,11:35:33,,,414,,,,,,,50,215,96,244,109,128,2,0,0,0,0,0,175,233,93,151,60,181,211
13440,131111,31,A,B,163,27-Mar-2016,12:04:36,-64.3030,-61.2060,"",401677548,-115,8,0,27-Mar-2016,12:04:36,,,,,,,,,,184,180,145,70,115,104,85,198,227,153,140,228,113,152,199,21,225,161,50,57,152,230,39,50,152,196,99,49,152,196,76
13440,131111,31,B,B,164,27-Mar-2016,12:55:40,-64.3200,-61.2050,"",401677547,-132,8,0,27-Mar-2016,12:55:40,,,,,,,,,,190,44,248,116,139,79,6,51,103,34,16,222,3,129,147,24,188,64,172,17,111,199,126,79,147,76,253,138,210,240,9
13440,131111,31,B,B,165,27-Mar-2016,14:39:06,-64.3540,-61.2000,"",401677553,-135,8,0,27-Mar-2016,14:39:06,,,,,,,,,,178,247,160,245,60,129,232,12,128,102,140,64,4,18,184,97,128,160,205,178,248,5,7,14,23,128,72,23,116,0,0
13440,131111,19,R,A,166,27-Mar-2016,14:52:00,-64.3670,-61.2380,"",401677546,-130,6,0,27-Mar-2016,14:51:03,,,107,,,,,,,48,238,96,244,205,128,10,32,0,0,0,0,0,0,16,96,32,0,0
13440,131111,31,R,A,166,27-Mar-2016,14:52:00,-64.3670,-61.2380,"",401677546,-130,6,0,27-Mar-2016,14:52:07,,,107,,,,,,,188,120,8,193,67,39,23,208,201,251,178,165,24,181,185,101,161,200,3,60,55,11,164,167,192,1,197,77,69,30,55
13440,131111,31,R,A,166,27-Mar-2016,14:52:00,-64.3670,-61.2380,"",401677546,-130,6,0,27-Mar-2016,14:52:50,,,107,,,,,,,212,248,40,221,11,252,167,157,110,119,230,161,85,210,199,23,248,94,136,70,119,91,111,106,234,182,7,116,166,238,201
13440,131111,3,A,A,167,27-Mar-2016,15:24:25,-64.3750,-61.2730,"",401677551,-130,8,0,27-Mar-2016,15:23:48,,,375,,,,,,,51,28,112
13440,131111,31,A,A,167,27-Mar-2016,15:24:25,-64.3750,-61.2730,"",401677551,-130,8,0,27-Mar-2016,15:25:02,,,375,,,,,,,181,244,64,244,148,128,141,240,150,210,91,107,73,73,73,107,105,99,104,105,199,147,225,160,33,4,93,208,9,75,63
13440,131111,31,A,A,167,27-Mar-2016,15:24:25,-64.3750,-61.2730,"",401677551,-130,8,0,27-Mar-2016,15:30:03,,,375,,,,,,,212,38,176,244,168,1,215,100,0,2,115,191,255,246,0,0,35,55,119,119,16,0,31,55,119,118,120,59,7,232,248
13440,131111,31,R,B,168,27-Mar-2016,16:25:20,-64.3900,-61.2350,"",401677553,-122,8,0,27-Mar-2016,16:25:21,,,,,,,,,,189,109,64,244,121,1,233,15,72,167,21,30,14,139,142,41,124,61,25,93,82,193,152,58,186,169,99,208,111,112,0
13440,131111,31,R,1,169,27-Mar-2016,21:21:39,-64.3320,-61.3810,"",401677546,-122,58,0,27-Mar-2016,21:18:14,,,448,,,,,,,179,86,80,244,29,0,189,60,68,39,136,201,114,0,64,50,142,17,41,209,193,112,132,109,153,211,208,92,120,0,0
13440,131111,31,R,1,169,27-Mar-2016,21:21:39,-64.3320,-61.3810,"",401677546,-122,58,0,27-Mar-2016,21:19:20,,,448,,,,,,,209,232,224,244,24,0,73,24,92,42,35,107,15,101,116,8,160,8,38,145,131,30,90,192,171,48,102,193,159,228,192
13440,131111,31,R,1,169,27-Mar-2016,21:21:39,-64.3320,-61.3810,"",401677546,-122,58,0,27-Mar-2016,21:20:03,,,448,,,,,,,156,9,132,215,7,124,189,251,128,51,140,48,53,243,226,140,0,145,152,7,176,159,120,157,146,114,108,128,236,128,0
13440,131111,31,R,1,169,27-Mar-2016,21:21:39,-64.3320,-61.3810,"",401677546,-122,58,0,27-Mar-2016,21:24:57,,,448,,,,,,,55,194,147,127,64,112,203,206,66,61,94,50,186,31,247,227,227,244,58,81,6,57,28,172,120,53,253,13,26,166,82
13440,131111,31,R,1,169,27-Mar-2016,21:21:39,-64.3320,-61.3810,"",401677546,-122,58,0,27-Mar-2016,21:25:42,,,448,,,,,,,213,70,16,244,8,2,168,92,50,128,242,196,162,172,196,196,100,52,101,107,254,197,135,217,197,6,71,82,26,173,145
13440,131111,19,N,B,170,27-Mar-2016,22:22:47,-64.3420,-61.3910,"",401677545,-118,8,0,27-Mar-2016,22:22:47,,,,,,,,,,50,215,96,244,109,128,20,253,33,117,9,108,25,60,73,199,10,62,39
13440,131111,31,P,B,171,27-Mar-2016,22:37:25,-64.3500,-61.3080,"",401677557,-120,6,0,27-Mar-2016,22:36:33,,,104,,,,,,,182,211,0,246,226,0,95,62,65,70,194,201,66,7,50,41,196,32,205,193,138,41,4,78,134,178,68,1,128,0,0
13440,131111,31,P,B,171,27-Mar-2016,22:37:25,-64.3500,-61.3080,"",401677557,-120,6,0,27-Mar-2016,22:38:17,,,104,,,,,,,178,5,192,246,214,0,61,0,128,182,133,121,244,11,56,59,72,37,38,116,71,135,64,4,2,244,42,6,93,0,0
13440,131111,31,K,B,172,27-Mar-2016,22:37:25,-64.3170,-61.3740,"",401677565,-122,6,0,27-Mar-2016,22:36:33,,,104,,,,,,,182,211,0,246,226,0,95,62,65,70,194,201,66,7,50,41,196,32,205,193,138,41,4,78,134,178,68,1,128,0,0
13440,131111,31,K,B,172,27-Mar-2016,22:37:25,-64.3170,-61.3740,"",401677565,-122,6,0,27-Mar-2016,22:38:17,,,104,,,,,,,178,5,192,246,214,4,61,0,128,182,133,29,22,11,56,59,72,37,98,240,225,229,195,158,124,41,225,248,241,127,255
13440,131111,31,R,B,173,27-Mar-2016,23:02:57,-64.3190,-61.2780,"",401677541,-121,6,0,27-Mar-2016,23:02:35,,,45,,,,,,,191,212,176,246,184,64,129,38,64,102,132,24,20,6,184,52,42,144,2,1,10,120,129,45,137,81,40,0,128,0,62
13440,131111,19,R,B,173,27-Mar-2016,23:02:57,-64.3190,-61.2780,"",401677541,-121,6,0,27-Mar-2016,23:03:20,,,45,,,,,,,55,232,112,243,45,130,46,16,8,0,0,0,0,0,0,16,16,0,0


PTT,Diags,Passes,Msgs
131111,0,172,409,
