DeployID,Ptt,DepthSensor,Source,Instr,Day,Time,LocationQuality,Latitude,Longitude,Depth,DRange,Temperature,TRange
"131111",131111,0.500000,Transmission,Mk10,26-Mar-2016,01:00:00,,,,2.0,0.75,,
"131111",131111,0.500000,Transmission,Mk10,26-Mar-2016,01:01:15,,,,21.5,2.00,,
"131111",131111,0.500000,Transmission,Mk10,26-Mar-2016,01:02:30,,,,8.0,1.25,,
"131111",131111,0.500000,Transmission,Mk10,26-Mar-2016,01:03:45,,,,3.0,0.75,,
"131111",131111,0.500000,Transmission,Mk10,26-Mar-2016,01:05:00,,,,6.0,1.25,,
"131111",131111,0.500000,Transmission,Mk10,26-Mar-2016,01:06:15,,,,6.0,1.25,,
"131111",131111,0.500000,Transmission,Mk10,26-Mar-2016,01:07:30,,,,2.0,0.75,,
"131111",131111,0.500000,Transmission,Mk10,26-Mar-2016,01:08:45,,,,14.5,2.00,,
"131111",131111,0.500000,Transmission,Mk10,26-Mar-2016,01:10:00,,,,18.0,2.00,,
"131111",131111,0.500000,Transmission,Mk10,26-Mar-2016,01:11:15,,,,1.0,0.50,,
"131111",131111,0.500000,Transmission,Mk10,26-Mar-2016,01:12:30,,,,2.0,0.75,,
"131111",131111,0.500000,Transmission,Mk10,26-Mar-2016,01:13:45,,,,0.5,0.50,,
"131111",131111,0.500000,Transmission,Mk10,26-Mar-2016,01:15:00,,,,0.5,0.50,,
"131111",131111,0.500000,Transmission,Mk10,26-Mar-2016,01:16:15,,,,1.0,0.50,,
"131111",131111,0.500000,Transmission,Mk10,26-Mar-2016,01:17:30,,,,1.0,0.50,,
"131111",131111,0.500000,Transmission,Mk10,26-Mar-2016,01:18:45,,,,0.5,0.50,,
"131111",131111,0.500000,Transmission,Mk10,26-Mar-2016,01:20:00,,,,10.0,1.00,,
"131111",131111,0.500000,Transmission,Mk10,26-Mar-2016,01:21:15,,,,25.0,2.00,,
"131111",131111,0.500000,Transmission,Mk10,26-Mar-2016,01:22:30,,,,8.0,1.25,,
"131111",131111,0.500000,Transmission,Mk10,26-Mar-2016,01:23:45,,,,1.5,0.50,,
"131111",131111,0.500000,Transmission,Mk10,26-Mar-2016,01:25:00,,,,0.5,0.50,,
"131111",131111,0.500000,Transmission,Mk10,26-Mar-2016,01:26:15,,,,0.5,0.50,,
"131111",131111,0.500000,Transmission,Mk10,26-Mar-2016,01:27:30,,,,18.0,2.00,,
"131111",131111,0.500000,Transmission,Mk10,26-Mar-2016,01:28:45,,,,18.0,2.00,,
"131111",131111,0.500000,Transmission,Mk10,26-Mar-2016,01:30:00,,,,1.0,0.50,,
"131111",131111,0.500000,Transmission,Mk10,26-Mar-2016,01:31:15,,,,1.0,0.50,,
"131111",131111,0.500000,Transmission,Mk10,26-Mar-2016,01:32:30,,,,1.0,0.50,,
"131111",131111,0.500000,Transmission,Mk10,26-Mar-2016,01:33:45,,,,1.0,0.50,,
"131111",131111,0.500000,Transmission,Mk10,26-Mar-2016,01:35:00,,,,1.0,0.50,,
"131111",131111,0.500000,Transmission,Mk10,26-Mar-2016,01:36:15,,,,0.5,0.50,,
"131111",131111,0.500000,Transmission,Mk10,26-Mar-2016,01:37:30,,,,1.5,0.50,,
"131111",131111,0.500000,Transmission,Mk10,26-Mar-2016,01:38:45,,,,18.0,2.00,,
"131111",131111,0.500000,Transmission,Mk10,26-Mar-2016,01:40:00,,,,18.0,2.00,,
"131111",131111,0.500000,Transmission,Mk10,26-Mar-2016,01:41:15,,,,1.5,0.50,,
"131111",131111,0.500000,Transmission,Mk10,26-Mar-2016,01:42:30,,,,0.5,0.50,,
"131111",131111,0.500000,Transmission,Mk10,26-Mar-2016,01:43:45,,,,1.0,0.50,,
"131111",131111,0.500000,Transmission,Mk10,26-Mar-2016,01:45:00,,,,1.0,0.50,,
"131111",131111,0.500000,Transmission,Mk10,26-Mar-2016,01:46:15,,,,14.5,2.00,,
"131111",131111,0.500000,Transmission,Mk10,26-Mar-2016,01:47:30,,,,18.0,2.00,,
"131111",131111,0.500000,Transmission,Mk10,26-Mar-2016,01:48:45,,,,0.5,0.50,,
"131111",131111,0.500000,Transmission,Mk10,26-Mar-2016,01:50:00,,,,0.5,0.50,,
"131111",131111,0.500000,Transmission,Mk10,26-Mar-2016,01:51:15,,,,1.0,0.50,,
"131111",131111,0.500000,Transmission,Mk10,26-Mar-2016,01:52:30,,,,21.5,2.00,,
"131111",131111,0.500000,Transmission,Mk10,26-Mar-2016,01:53:45,,,,10.0,1.00,,
"131111",131111,0.500000,Transmission,Mk10,26-Mar-2016,01:55:00,,,,0.5,0.50,,
"131111",131111,0.500000,Transmission,Mk10,26-Mar-2016,01:56:15,,,,1.0,0.50,,
"131111",131111,0.500000,Transmission,Mk10,26-Mar-2016,01:57:30,,,,18.0,2.00,,
"131111",131111,0.500000,Transmission,Mk10,26-Mar-2016,01:58:45,,,,14.5,2.00,,
"131111",131111,0.500000,Transmission,Mk10,26-Mar-2016,03:00:00,,,,3.0,3.00,,
"131111",131111,0.500000,Transmission,Mk10,26-Mar-2016,03:01:15,,,,3.0,3.00,,
"131111",131111,0.500000,Transmission,Mk10,26-Mar-2016,03:02:30,,,,3.0,3.00,,
"131111",131111,0.500000,Transmission,Mk10,26-Mar-2016,03:03:45,,,,3.0,3.00,,
"131111",131111,0.500000,Transmission,Mk10,26-Mar-2016,03:05:00,,,,3.0,3.00,,
"131111",131111,0.500000,Transmission,Mk10,26-Mar-2016,03:06:15,,,,126.0,13.25,,
"131111",131111,0.500000,Transmission,Mk10,26-Mar-2016,03:07:30,,,,275.0,26.75,,
"131111",131111,0.500000,Transmission,Mk10,26-Mar-2016,03:08:45,,,,275.0,26.75,,
"131111",131111,0.500000,Transmission,Mk10,26-Mar-2016,03:10:00,,,,275.0,26.75,,
"131111",131111,0.500000,Transmission,Mk10,26-Mar-2016,03:11:15,,,,229.0,26.25,,
"131111",131111,0.500000,Transmission,Mk10,26-Mar-2016,03:12:30,,,,103.0,13.25,,
"131111",131111,0.500000,Transmission,Mk10,26-Mar-2016,03:13:45,,,,3.0,3.00,,
"131111",131111,0.500000,Transmission,Mk10,26-Mar-2016,03:15:00,,,,3.0,3.00,,
"131111",131111,0.500000,Transmission,Mk10,26-Mar-2016,03:16:15,,,,3.0,3.00,,
"131111",131111,0.500000,Transmission,Mk10,26-Mar-2016,03:17:30,,,,8.5,3.25,,
"131111",131111,0.500000,Transmission,Mk10,26-Mar-2016,03:18:45,,,,8.5,3.25,,
"131111",131111,0.500000,Transmission,Mk10,26-Mar-2016,03:20:00,,,,3.0,3.00,,
"131111",131111,0.500000,Transmission,Mk10,26-Mar-2016,03:21:15,,,,20.0,3.50,,
"131111",131111,0.500000,Transmission,Mk10,26-Mar-2016,03:22:30,,,,3.0,3.00,,
"131111",131111,0.500000,Transmission,Mk10,26-Mar-2016,03:23:45,,,,3.0,3.00,,
"131111",131111,0.500000,Transmission,Mk10,26-Mar-2016,03:25:00,,,,3.0,3.00,,
"131111",131111,0.500000,Transmission,Mk10,26-Mar-2016,03:26:15,,,,28.5,6.25,,
"131111",131111,0.500000,Transmission,Mk10,26-Mar-2016,03:27:30,,,,183.5,25.50,,
"131111",131111,0.500000,Transmission,Mk10,26-Mar-2016,03:28:45,,,,229.0,26.25,,
"131111",131111,0.500000,Transmission,Mk10,26-Mar-2016,03:30:00,,,,229.0,26.25,,
"131111",131111,0.500000,Transmission,Mk10,26-Mar-2016,03:31:15,,,,275.0,26.75,,
"131111",131111,0.500000,Transmission,Mk10,26-Mar-2016,03:32:30,,,,275.0,26.75,,
"131111",131111,0.500000,Transmission,Mk10,26-Mar-2016,03:33:45,,,,229.0,26.25,,
"131111",131111,0.500000,Transmission,Mk10,26-Mar-2016,03:35:00,,,,229.0,26.25,,
"131111",131111,0.500000,Transmission,Mk10,26-Mar-2016,03:36:15,,,,80.0,12.75,,
"131111",131111,0.500000,Transmission,Mk10,26-Mar-2016,03:37:30,,,,3.0,3.00,,
"131111",131111,0.500000,Transmission,Mk10,26-Mar-2016,03:38:45,,,,3.0,3.00,,
"131111",131111,0.500000,Transmission,Mk10,26-Mar-2016,03:40:00,,,,3.0,3.00,,
"131111",131111,0.500000,Transmission,Mk10,26-Mar-2016,03:41:15,,,,3.0,3.00,,
"131111",131111,0.500000,Transmission,Mk10,26-Mar-2016,03:42:30,,,,80.0,12.75,,
"131111",131111,0.500000,Transmission,Mk10,26-Mar-2016,03:43:45,,,,229.0,26.25,,
"131111",131111,0.500000,Transmission,Mk10,26-Mar-2016,03:45:00,,,,321.0,27.50,,
"131111",131111,0.500000,Transmission,Mk10,26-Mar-2016,03:46:15,,,,321.0,27.50,,
"131111",131111,0.500000,Transmission,Mk10,26-Mar-2016,03:47:30,,,,275.0,26.75,,
"131111",131111,0.500000,Transmission,Mk10,26-Mar-2016,03:48:45,,,,149.0,13.50,,
"131111",131111,0.500000,Transmission,Mk10,26-Mar-2016,03:50:00,,,,40.0,6.50,,
"131111",131111,0.500000,Transmission,Mk10,26-Mar-2016,03:51:15,,,,3.0,3.00,,
"131111",131111,0.500000,Transmission,Mk10,26-Mar-2016,03:52:30,,,,3.0,3.00,,
"131111",131111,0.500000,Transmission,Mk10,26-Mar-2016,03:53:45,,,,3.0,3.00,,
"131111",131111,0.500000,Transmission,Mk10,26-Mar-2016,03:55:00,,,,3.0,3.00,,
"131111",131111,0.500000,Transmission,Mk10,26-Mar-2016,03:56:15,,,,3.0,3.00,,
"131111",131111,0.500000,Transmission,Mk10,26-Mar-2016,03:57:30,,,,126.0,13.25,,
"131111",131111,0.500000,Transmission,Mk10,26-Mar-2016,03:58:45,,,,275.0,26.75,,
"131111",131111,0.500000,Transmission,Mk10,26-Mar-2016,04:00:00,,,,298.5,25.75,,
"131111",131111,0.500000,Transmission,Mk10,26-Mar-2016,04:01:15,,,,213.5,24.50,,
"131111",131111,0.500000,Transmission,Mk10,26-Mar-2016,04:02:30,,,,170.5,23.75,,
"131111",131111,0.500000,Transmission,Mk10,26-Mar-2016,04:03:45,,,,48.0,6.25,,
"131111",131111,0.500000,Transmission,Mk10,26-Mar-2016,04:05:00,,,,2.5,2.75,,
"131111",131111,0.500000,Transmission,Mk10,26-Mar-2016,04:06:15,,,,2.5,2.75,,
"131111",131111,0.500000,Transmission,Mk10,26-Mar-2016,04:07:30,,,,13.5,3.00,,
"131111",131111,0.500000,Transmission,Mk10,26-Mar-2016,04:08:45,,,,2.5,2.75,,
"131111",131111,0.500000,Transmission,Mk10,26-Mar-2016,04:10:00,,,,8.0,3.00,,
"131111",131111,0.500000,Transmission,Mk10,26-Mar-2016,04:11:15,,,,8.0,3.00,,
"131111",131111,0.500000,Transmission,Mk10,26-Mar-2016,04:12:30,,,,13.5,3.00,,
"131111",131111,0.500000,Transmission,Mk10,26-Mar-2016,04:13:45,,,,2.5,2.75,,
"131111",131111,0.500000,Transmission,Mk10,26-Mar-2016,04:15:00,,,,2.5,2.75,,
"131111",131111,0.500000,Transmission,Mk10,26-Mar-2016,04:16:15,,,,117.5,12.50,,
"131111",131111,0.500000,Transmission,Mk10,26-Mar-2016,04:17:30,,,,213.5,24.50,,
"131111",131111,0.500000,Transmission,Mk10,26-Mar-2016,04:18:45,,,,213.5,24.50,,
"131111",131111,0.500000,Transmission,Mk10,26-Mar-2016,04:20:00,,,,256.0,25.00,,
"131111",131111,0.500000,Transmission,Mk10,26-Mar-2016,04:21:15,,,,213.5,24.50,,
"131111",131111,0.500000,Transmission,Mk10,26-Mar-2016,04:22:30,,,,213.5,24.50,,
"131111",131111,0.500000,Transmission,Mk10,26-Mar-2016,04:23:45,,,,96.0,12.25,,
"131111",131111,0.500000,Transmission,Mk10,26-Mar-2016,04:25:00,,,,2.5,2.75,,
"131111",131111,0.500000,Transmission,Mk10,26-Mar-2016,04:26:15,,,,2.5,2.75,,
"131111",131111,0.500000,Transmission,Mk10,26-Mar-2016,04:27:30,,,,2.5,2.75,,
"131111",131111,0.500000,Transmission,Mk10,26-Mar-2016,04:28:45,,,,2.5,2.75,,
"131111",131111,0.500000,Transmission,Mk10,26-Mar-2016,04:30:00,,,,138.5,12.75,,
"131111",131111,0.500000,Transmission,Mk10,26-Mar-2016,04:31:15,,,,213.5,24.50,,
"131111",131111,0.500000,Transmission,Mk10,26-Mar-2016,04:32:30,,,,213.5,24.50,,
"131111",131111,0.500000,Transmission,Mk10,26-Mar-2016,04:33:45,,,,213.5,24.50,,
"131111",131111,0.500000,Transmission,Mk10,26-Mar-2016,04:35:00,,,,170.5,23.75,,
"131111",131111,0.500000,Transmission,Mk10,26-Mar-2016,04:36:15,,,,170.5,23.75,,
"131111",131111,0.500000,Transmission,Mk10,26-Mar-2016,04:37:30,,,,58.5,6.25,,
"131111",131111,0.500000,Transmission,Mk10,26-Mar-2016,04:38:45,,,,2.5,2.75,,
"131111",131111,0.500000,Transmission,Mk10,26-Mar-2016,04:40:00,,,,2.5,2.75,,
"131111",131111,0.500000,Transmission,Mk10,26-Mar-2016,04:41:15,,,,2.5,2.75,,
"131111",131111,0.500000,Transmission,Mk10,26-Mar-2016,04:42:30,,,,96.0,12.25,,
"131111",131111,0.500000,Transmission,Mk10,26-Mar-2016,04:43:45,,,,170.5,23.75,,
"131111",131111,0.500000,Transmission,Mk10,26-Mar-2016,04:45:00,,,,213.5,24.50,,
"131111",131111,0.500000,Transmission,Mk10,26-Mar-2016,04:46:15,,,,213.5,24.50,,
"131111",131111,0.500000,Transmission,Mk10,26-Mar-2016,04:47:30,,,,213.5,24.50,,
"131111",131111,0.500000,Transmission,Mk10,26-Mar-2016,04:48:45,,,,213.5,24.50,,
"131111",131111,0.500000,Transmission,Mk10,26-Mar-2016,04:50:00,,,,117.5,12.50,,
"131111",131111,0.500000,Transmission,Mk10,26-Mar-2016,04:51:15,,,,2.5,2.75,,
"131111",131111,0.500000,Transmission,Mk10,26-Mar-2016,04:52:30,,,,2.5,2.75,,
"131111",131111,0.500000,Transmission,Mk10,26-Mar-2016,04:53:45,,,,2.5,2.75,,
"131111",131111,0.500000,Transmission,Mk10,26-Mar-2016,04:55:00,,,,2.5,2.75,,
"131111",131111,0.500000,Transmission,Mk10,26-Mar-2016,04:56:15,,,,138.5,12.75,,
"131111",131111,0.500000,Transmission,Mk10,26-Mar-2016,04:57:30,,,,213.5,24.50,,
"131111",131111,0.500000,Transmission,Mk10,26-Mar-2016,04:58:45,,,,213.5,24.50,,
"131111",131111,0.500000,Transmission,Mk10,26-Mar-2016,05:00:00,,,,224.5,22.75,,
"131111",131111,0.500000,Transmission,Mk10,26-Mar-2016,05:01:15,,,,187.5,22.00,,
"131111",131111,0.500000,Transmission,Mk10,26-Mar-2016,05:02:30,,,,150.0,21.50,,
"131111",131111,0.500000,Transmission,Mk10,26-Mar-2016,05:03:45,,,,121.5,11.75,,
"131111",131111,0.500000,Transmission,Mk10,26-Mar-2016,05:05:00,,,,2.5,2.50,,
"131111",131111,0.500000,Transmission,Mk10,26-Mar-2016,05:06:15,,,,2.5,2.50,,
"131111",131111,0.500000,Transmission,Mk10,26-Mar-2016,05:07:30,,,,7.0,2.75,,
"131111",131111,0.500000,Transmission,Mk10,26-Mar-2016,05:08:45,,,,11.5,2.75,,
"131111",131111,0.500000,Transmission,Mk10,26-Mar-2016,05:10:00,,,,150.0,21.50,,
"131111",131111,0.500000,Transmission,Mk10,26-Mar-2016,05:11:15,,,,187.5,22.00,,
"131111",131111,0.500000,Transmission,Mk10,26-Mar-2016,05:12:30,,,,224.5,22.75,,
"131111",131111,0.500000,Transmission,Mk10,26-Mar-2016,05:13:45,,,,261.5,22.75,,
"131111",131111,0.500000,Transmission,Mk10,26-Mar-2016,05:15:00,,,,261.5,22.75,,
"131111",131111,0.500000,Transmission,Mk10,26-Mar-2016,05:16:15,,,,224.5,22.75,,
"131111",131111,0.500000,Transmission,Mk10,26-Mar-2016,05:17:30,,,,121.5,11.75,,
"131111",131111,0.500000,Transmission,Mk10,26-Mar-2016,05:18:45,,,,2.5,2.50,,
"131111",131111,0.500000,Transmission,Mk10,26-Mar-2016,05:20:00,,,,2.5,2.50,,
"131111",131111,0.500000,Transmission,Mk10,26-Mar-2016,05:21:15,,,,2.5,2.50,,
"131111",131111,0.500000,Transmission,Mk10,26-Mar-2016,05:22:30,,,,2.5,2.50,,
"131111",131111,0.500000,Transmission,Mk10,26-Mar-2016,05:23:45,,,,11.5,2.75,,
"131111",131111,0.500000,Transmission,Mk10,26-Mar-2016,05:25:00,,,,150.0,21.50,,
"131111",131111,0.500000,Transmission,Mk10,26-Mar-2016,05:26:15,,,,224.5,22.75,,
"131111",131111,0.500000,Transmission,Mk10,26-Mar-2016,05:27:30,,,,224.5,22.75,,
"131111",131111,0.500000,Transmission,Mk10,26-Mar-2016,05:28:45,,,,261.5,22.75,,
"131111",131111,0.500000,Transmission,Mk10,26-Mar-2016,05:30:00,,,,261.5,22.75,,
"131111",131111,0.500000,Transmission,Mk10,26-Mar-2016,05:31:15,,,,261.5,22.75,,
"131111",131111,0.500000,Transmission,Mk10,26-Mar-2016,05:32:30,,,,261.5,22.75,,
"131111",131111,0.500000,Transmission,Mk10,26-Mar-2016,05:33:45,,,,121.5,11.75,,
"131111",131111,0.500000,Transmission,Mk10,26-Mar-2016,05:35:00,,,,2.5,2.50,,
"131111",131111,0.500000,Transmission,Mk10,26-Mar-2016,05:36:15,,,,2.5,2.50,,
"131111",131111,0.500000,Transmission,Mk10,26-Mar-2016,05:37:30,,,,2.5,2.50,,
"131111",131111,0.500000,Transmission,Mk10,26-Mar-2016,05:38:45,,,,2.5,2.50,,
"131111",131111,0.500000,Transmission,Mk10,26-Mar-2016,05:40:00,,,,42.0,5.75,,
"131111",131111,0.500000,Transmission,Mk10,26-Mar-2016,05:41:15,,,,187.5,22.00,,
"131111",131111,0.500000,Transmission,Mk10,26-Mar-2016,05:42:30,,,,224.5,22.75,,
"131111",131111,0.500000,Transmission,Mk10,26-Mar-2016,05:43:45,,,,187.5,22.00,,
"131111",131111,0.500000,Transmission,Mk10,26-Mar-2016,05:45:00,,,,187.5,22.00,,
"131111",131111,0.500000,Transmission,Mk10,26-Mar-2016,05:46:15,,,,187.5,22.00,,
"131111",131111,0.500000,Transmission,Mk10,26-Mar-2016,05:47:30,,,,187.5,22.00,,
"131111",131111,0.500000,Transmission,Mk10,26-Mar-2016,05:48:45,,,,51.5,5.75,,
"131111",131111,0.500000,Transmission,Mk10,26-Mar-2016,05:50:00,,,,2.5,2.50,,
"131111",131111,0.500000,Transmission,Mk10,26-Mar-2016,05:51:15,,,,2.5,2.50,,
"131111",131111,0.500000,Transmission,Mk10,26-Mar-2016,05:52:30,,,,2.5,2.50,,
"131111",131111,0.500000,Transmission,Mk10,26-Mar-2016,05:53:45,,,,65.5,10.75,,
"131111",131111,0.500000,Transmission,Mk10,26-Mar-2016,05:55:00,,,,150.0,21.50,,
"131111",131111,0.500000,Transmission,Mk10,26-Mar-2016,05:56:15,,,,224.5,22.75,,
"131111",131111,0.500000,Transmission,Mk10,26-Mar-2016,05:57:30,,,,261.5,22.75,,
"131111",131111,0.500000,Transmission,Mk10,26-Mar-2016,05:58:45,,,,261.5,22.75,,
"131111",131111,0.500000,Transmission,Mk10,26-Mar-2016,06:00:00,,,,256.0,25.00,,
"131111",131111,0.500000,Transmission,Mk10,26-Mar-2016,06:01:15,,,,213.5,24.50,,
"131111",131111,0.500000,Transmission,Mk10,26-Mar-2016,06:02:30,,,,74.5,11.75,,
"131111",131111,0.500000,Transmission,Mk10,26-Mar-2016,06:03:45,,,,2.5,2.75,,
"131111",131111,0.500000,Transmission,Mk10,26-Mar-2016,06:05:00,,,,2.5,2.75,,
"131111",131111,0.500000,Transmission,Mk10,26-Mar-2016,06:06:15,,,,2.5,2.75,,
"131111",131111,0.500000,Transmission,Mk10,26-Mar-2016,06:07:30,,,,2.5,2.75,,
"131111",131111,0.500000,Transmission,Mk10,26-Mar-2016,06:08:45,,,,117.5,12.50,,
"131111",131111,0.500000,Transmission,Mk10,26-Mar-2016,06:10:00,,,,213.5,24.50,,
"131111",131111,0.500000,Transmission,Mk10,26-Mar-2016,06:11:15,,,,213.5,24.50,,
"131111",131111,0.500000,Transmission,Mk10,26-Mar-2016,06:12:30,,,,256.0,25.00,,
"131111",131111,0.500000,Transmission,Mk10,26-Mar-2016,06:13:45,,,,298.5,25.75,,
"131111",131111,0.500000,Transmission,Mk10,26-Mar-2016,06:15:00,,,,256.0,25.00,,
"131111",131111,0.500000,Transmission,Mk10,26-Mar-2016,06:16:15,,,,170.5,23.75,,
"131111",131111,0.500000,Transmission,Mk10,26-Mar-2016,06:17:30,,,,8.0,3.00,,
"131111",131111,0.500000,Transmission,Mk10,26-Mar-2016,06:18:45,,,,2.5,2.75,,
"131111",131111,0.500000,Transmission,Mk10,26-Mar-2016,06:20:00,,,,2.5,2.75,,
"131111",131111,0.500000,Transmission,Mk10,26-Mar-2016,06:21:15,,,,2.5,2.75,,
"131111",131111,0.500000,Transmission,Mk10,26-Mar-2016,06:22:30,,,,138.5,12.75,,
"131111",131111,0.500000,Transmission,Mk10,26-Mar-2016,06:23:45,,,,256.0,25.00,,
"131111",131111,0.500000,Transmission,Mk10,26-Mar-2016,06:25:00,,,,256.0,25.00,,
"131111",131111,0.500000,Transmission,Mk10,26-Mar-2016,06:26:15,,,,256.0,25.00,,
"131111",131111,0.500000,Transmission,Mk10,26-Mar-2016,06:27:30,,,,213.5,24.50,,
"131111",131111,0.500000,Transmission,Mk10,26-Mar-2016,06:28:45,,,,213.5,24.50,,
"131111",131111,0.500000,Transmission,Mk10,26-Mar-2016,06:30:00,,,,170.5,23.75,,
"131111",131111,0.500000,Transmission,Mk10,26-Mar-2016,06:31:15,,,,18.5,3.25,,
"131111",131111,0.500000,Transmission,Mk10,26-Mar-2016,06:32:30,,,,2.5,2.75,,
"131111",131111,0.500000,Transmission,Mk10,26-Mar-2016,06:33:45,,,,2.5,2.75,,
"131111",131111,0.500000,Transmission,Mk10,26-Mar-2016,06:35:00,,,,2.5,2.75,,
"131111",131111,0.500000,Transmission,Mk10,26-Mar-2016,06:36:15,,,,138.5,12.75,,
"131111",131111,0.500000,Transmission,Mk10,26-Mar-2016,06:37:30,,,,213.5,24.50,,
"131111",131111,0.500000,Transmission,Mk10,26-Mar-2016,06:38:45,,,,256.0,25.00,,
"131111",131111,0.500000,Transmission,Mk10,26-Mar-2016,06:40:00,,,,298.5,25.75,,
"131111",131111,0.500000,Transmission,Mk10,26-Mar-2016,06:41:15,,,,298.5,25.75,,
"131111",131111,0.500000,Transmission,Mk10,26-Mar-2016,06:42:30,,,,256.0,25.00,,
"131111",131111,0.500000,Transmission,Mk10,26-Mar-2016,06:43:45,,,,213.5,24.50,,
"131111",131111,0.500000,Transmission,Mk10,26-Mar-2016,06:45:00,,,,74.5,11.75,,
"131111",131111,0.500000,Transmission,Mk10,26-Mar-2016,06:46:15,,,,2.5,2.75,,
"131111",131111,0.500000,Transmission,Mk10,26-Mar-2016,06:47:30,,,,2.5,2.75,,
"131111",131111,0.500000,Transmission,Mk10,26-Mar-2016,06:48:45,,,,2.5,2.75,,
"131111",131111,0.500000,Transmission,Mk10,26-Mar-2016,06:50:00,,,,8.0,3.00,,
"131111",131111,0.500000,Transmission,Mk10,26-Mar-2016,06:51:15,,,,58.5,6.25,,
"131111",131111,0.500000,Transmission,Mk10,26-Mar-2016,06:52:30,,,,170.5,23.75,,
"131111",131111,0.500000,Transmission,Mk10,26-Mar-2016,06:53:45,,,,213.5,24.50,,
"131111",131111,0.500000,Transmission,Mk10,26-Mar-2016,06:55:00,,,,298.5,25.75,,
"131111",131111,0.500000,Transmission,Mk10,26-Mar-2016,06:56:15,,,,256.0,25.00,,
"131111",131111,0.500000,Transmission,Mk10,26-Mar-2016,06:57:30,,,,256.0,25.00,,
"131111",131111,0.500000,Transmission,Mk10,26-Mar-2016,06:58:45,,,,170.5,23.75,,
"131111",131111,0.500000,Transmission,Mk10,26-Mar-2016,07:00:00,,,,51.5,6.75,,
"131111",131111,0.500000,Transmission,Mk10,26-Mar-2016,07:01:15,,,,3.0,3.00,,
"131111",131111,0.500000,Transmission,Mk10,26-Mar-2016,07:02:30,,,,3.0,3.00,,
"131111",131111,0.500000,Transmission,Mk10,26-Mar-2016,07:03:45,,,,3.0,3.00,,
"131111",131111,0.500000,Transmission,Mk10,26-Mar-2016,07:05:00,,,,14.0,3.25,,
"131111",131111,0.500000,Transmission,Mk10,26-Mar-2016,07:06:15,,,,8.5,3.25,,
"131111",131111,0.500000,Transmission,Mk10,26-Mar-2016,07:07:30,,,,183.5,25.50,,
"131111",131111,0.500000,Transmission,Mk10,26-Mar-2016,07:08:45,,,,275.0,26.75,,
"131111",131111,0.500000,Transmission,Mk10,26-Mar-2016,07:10:00,,,,321.0,27.50,,
"131111",131111,0.500000,Transmission,Mk10,26-Mar-2016,07:11:15,,,,321.0,27.50,,
"131111",131111,0.500000,Transmission,Mk10,26-Mar-2016,07:12:30,,,,321.0,27.50,,
"131111",131111,0.500000,Transmission,Mk10,26-Mar-2016,07:13:45,,,,321.0,27.50,,
"131111",131111,0.500000,Transmission,Mk10,26-Mar-2016,07:15:00,,,,321.0,27.50,,
"131111",131111,0.500000,Transmission,Mk10,26-Mar-2016,07:16:15,,,,149.0,13.50,,
"131111",131111,0.500000,Transmission,Mk10,26-Mar-2016,07:17:30,,,,3.0,3.00,,
"131111",131111,0.500000,Transmission,Mk10,26-Mar-2016,07:18:45,,,,3.0,3.00,,
"131111",131111,0.500000,Transmission,Mk10,26-Mar-2016,07:20:00,,,,3.0,3.00,,
"131111",131111,0.500000,Transmission,Mk10,26-Mar-2016,07:21:15,,,,3.0,3.00,,
"131111",131111,0.500000,Transmission,Mk10,26-Mar-2016,07:22:30,,,,3.0,3.00,,
"131111",131111,0.500000,Transmission,Mk10,26-Mar-2016,07:23:45,,,,126.0,13.25,,
"131111",131111,0.500000,Transmission,Mk10,26-Mar-2016,07:25:00,,,,229.0,26.25,,
"131111",131111,0.500000,Transmission,Mk10,26-Mar-2016,07:26:15,,,,275.0,26.75,,
"131111",131111,0.500000,Transmission,Mk10,26-Mar-2016,07:27:30,,,,275.0,26.75,,
"131111",131111,0.500000,Transmission,Mk10,26-Mar-2016,07:28:45,,,,229.0,26.25,,
"131111",131111,0.500000,Transmission,Mk10,26-Mar-2016,07:30:00,,,,229.0,26.25,,
"131111",131111,0.500000,Transmission,Mk10,26-Mar-2016,07:31:15,,,,183.5,25.50,,
"131111",131111,0.500000,Transmission,Mk10,26-Mar-2016,07:32:30,,,,40.0,6.50,,
"131111",131111,0.500000,Transmission,Mk10,26-Mar-2016,07:33:45,,,,3.0,3.00,,
"131111",131111,0.500000,Transmission,Mk10,26-Mar-2016,07:35:00,,,,3.0,3.00,,
"131111",131111,0.500000,Transmission,Mk10,26-Mar-2016,07:36:15,,,,126.0,13.25,,
"131111",131111,0.500000,Transmission,Mk10,26-Mar-2016,07:37:30,,,,183.5,25.50,,
"131111",131111,0.500000,Transmission,Mk10,26-Mar-2016,07:38:45,,,,275.0,26.75,,
"131111",131111,0.500000,Transmission,Mk10,26-Mar-2016,07:40:00,,,,275.0,26.75,,
"131111",131111,0.500000,Transmission,Mk10,26-Mar-2016,07:41:15,,,,229.0,26.25,,
"131111",131111,0.500000,Transmission,Mk10,26-Mar-2016,07:42:30,,,,126.0,13.25,,
"131111",131111,0.500000,Transmission,Mk10,26-Mar-2016,07:43:45,,,,3.0,3.00,,
"131111",131111,0.500000,Transmission,Mk10,26-Mar-2016,07:45:00,,,,3.0,3.00,,
"131111",131111,0.500000,Transmission,Mk10,26-Mar-2016,07:46:15,,,,3.0,3.00,,
"131111",131111,0.500000,Transmission,Mk10,26-Mar-2016,07:47:30,,,,3.0,3.00,,
"131111",131111,0.500000,Transmission,Mk10,26-Mar-2016,07:48:45,,,,51.5,6.75,,
"131111",131111,0.500000,Transmission,Mk10,26-Mar-2016,07:50:00,,,,183.5,25.50,,
"131111",131111,0.500000,Transmission,Mk10,26-Mar-2016,07:51:15,,,,229.0,26.25,,
"131111",131111,0.500000,Transmission,Mk10,26-Mar-2016,07:52:30,,,,229.0,26.25,,
"131111",131111,0.500000,Transmission,Mk10,26-Mar-2016,07:53:45,,,,275.0,26.75,,
"131111",131111,0.500000,Transmission,Mk10,26-Mar-2016,07:55:00,,,,229.0,26.25,,
"131111",131111,0.500000,Transmission,Mk10,26-Mar-2016,07:56:15,,,,229.0,26.25,,
"131111",131111,0.500000,Transmission,Mk10,26-Mar-2016,07:57:30,,,,103.0,13.25,,
"131111",131111,0.500000,Transmission,Mk10,26-Mar-2016,07:58:45,,,,3.0,3.00,,
"131111",131111,0.500000,Transmission,Mk10,26-Mar-2016,09:00:00,,,,3.0,3.00,,
"131111",131111,0.500000,Transmission,Mk10,26-Mar-2016,09:01:15,,,,50.5,6.50,,
"131111",131111,0.500000,Transmission,Mk10,26-Mar-2016,09:02:30,,,,179.0,24.25,,
"131111",131111,0.500000,Transmission,Mk10,26-Mar-2016,09:03:45,,,,224.0,24.75,,
"131111",131111,0.500000,Transmission,Mk10,26-Mar-2016,09:05:00,,,,269.0,25.00,,
"131111",131111,0.500000,Transmission,Mk10,26-Mar-2016,09:06:15,,,,224.0,24.75,,
"131111",131111,0.500000,Transmission,Mk10,26-Mar-2016,09:07:30,,,,224.0,24.75,,
"131111",131111,0.500000,Transmission,Mk10,26-Mar-2016,09:08:45,,,,179.0,24.25,,
"131111",131111,0.500000,Transmission,Mk10,26-Mar-2016,09:10:00,,,,39.0,6.25,,
"131111",131111,0.500000,Transmission,Mk10,26-Mar-2016,09:11:15,,,,3.0,3.00,,
"131111",131111,0.500000,Transmission,Mk10,26-Mar-2016,09:12:30,,,,3.0,3.00,,
"131111",131111,0.500000,Transmission,Mk10,26-Mar-2016,09:13:45,,,,8.5,3.00,,
"131111",131111,0.500000,Transmission,Mk10,26-Mar-2016,09:15:00,,,,3.0,3.00,,
"131111",131111,0.500000,Transmission,Mk10,26-Mar-2016,09:16:15,,,,3.0,3.00,,
"131111",131111,0.500000,Transmission,Mk10,26-Mar-2016,09:17:30,,,,3.0,3.00,,
"131111",131111,0.500000,Transmission,Mk10,26-Mar-2016,09:18:45,,,,3.0,3.00,,
"131111",131111,0.500000,Transmission,Mk10,26-Mar-2016,09:20:00,,,,145.5,12.75,,
"131111",131111,0.500000,Transmission,Mk10,26-Mar-2016,09:21:15,,,,224.0,24.75,,
"131111",131111,0.500000,Transmission,Mk10,26-Mar-2016,09:22:30,,,,314.5,26.00,,
"131111",131111,0.500000,Transmission,Mk10,26-Mar-2016,09:23:45,,,,269.0,25.00,,
"131111",131111,0.500000,Transmission,Mk10,26-Mar-2016,09:25:00,,,,314.5,26.00,,
"131111",131111,0.500000,Transmission,Mk10,26-Mar-2016,09:26:15,,,,314.5,26.00,,
"131111",131111,0.500000,Transmission,Mk10,26-Mar-2016,09:27:30,,,,224.0,24.75,,
"131111",131111,0.500000,Transmission,Mk10,26-Mar-2016,09:28:45,,,,61.5,6.25,,
"131111",131111,0.500000,Transmission,Mk10,26-Mar-2016,09:30:00,,,,3.0,3.00,,
"131111",131111,0.500000,Transmission,Mk10,26-Mar-2016,09:31:15,,,,3.0,3.00,,
"131111",131111,0.500000,Transmission,Mk10,26-Mar-2016,09:32:30,,,,3.0,3.00,,
"131111",131111,0.500000,Transmission,Mk10,26-Mar-2016,09:33:45,,,,3.0,3.00,,
"131111",131111,0.500000,Transmission,Mk10,26-Mar-2016,09:35:00,,,,39.0,6.25,,
"131111",131111,0.500000,Transmission,Mk10,26-Mar-2016,09:36:15,,,,179.0,24.25,,
"131111",131111,0.500000,Transmission,Mk10,26-Mar-2016,09:37:30,,,,224.0,24.75,,
"131111",131111,0.500000,Transmission,Mk10,26-Mar-2016,09:38:45,,,,224.0,24.75,,
"131111",131111,0.500000,Transmission,Mk10,26-Mar-2016,09:40:00,,,,269.0,25.00,,
"131111",131111,0.500000,Transmission,Mk10,26-Mar-2016,09:41:15,,,,269.0,25.00,,
"131111",131111,0.500000,Transmission,Mk10,26-Mar-2016,09:42:30,,,,224.0,24.75,,
"131111",131111,0.500000,Transmission,Mk10,26-Mar-2016,09:43:45,,,,224.0,24.75,,
"131111",131111,0.500000,Transmission,Mk10,26-Mar-2016,09:45:00,,,,78.5,12.00,,
"131111",131111,0.500000,Transmission,Mk10,26-Mar-2016,09:46:15,,,,3.0,3.00,,
"131111",131111,0.500000,Transmission,Mk10,26-Mar-2016,09:47:30,,,,3.0,3.00,,
"131111",131111,0.500000,Transmission,Mk10,26-Mar-2016,09:48:45,,,,3.0,3.00,,
"131111",131111,0.500000,Transmission,Mk10,26-Mar-2016,09:50:00,,,,3.0,3.00,,
"131111",131111,0.500000,Transmission,Mk10,26-Mar-2016,09:51:15,,,,123.5,12.50,,
"131111",131111,0.500000,Transmission,Mk10,26-Mar-2016,09:52:30,,,,224.0,24.75,,
"131111",131111,0.500000,Transmission,Mk10,26-Mar-2016,09:53:45,,,,314.5,26.00,,
"131111",131111,0.500000,Transmission,Mk10,26-Mar-2016,09:55:00,,,,314.5,26.00,,
"131111",131111,0.500000,Transmission,Mk10,26-Mar-2016,09:56:15,,,,314.5,26.00,,
"131111",131111,0.500000,Transmission,Mk10,26-Mar-2016,09:57:30,,,,314.5,26.00,,
"131111",131111,0.500000,Transmission,Mk10,26-Mar-2016,09:58:45,,,,314.5,26.00,,
"131111",131111,0.500000,Transmission,Mk10,26-Mar-2016,10:00:00,,,,240.0,26.25,,
"131111",131111,0.500000,Transmission,Mk10,26-Mar-2016,10:01:15,,,,108.0,13.25,,
"131111",131111,0.500000,Transmission,Mk10,26-Mar-2016,10:02:30,,,,3.0,3.25,,
"131111",131111,0.500000,Transmission,Mk10,26-Mar-2016,10:03:45,,,,3.0,3.25,,
"131111",131111,0.500000,Transmission,Mk10,26-Mar-2016,10:05:00,,,,3.0,3.25,,
"131111",131111,0.500000,Transmission,Mk10,26-Mar-2016,10:06:15,,,,3.0,3.25,,
"131111",131111,0.500000,Transmission,Mk10,26-Mar-2016,10:07:30,,,,108.0,13.25,,
"131111",131111,0.500000,Transmission,Mk10,26-Mar-2016,10:08:45,,,,192.0,25.75,,
"131111",131111,0.500000,Transmission,Mk10,26-Mar-2016,10:10:00,,,,288.0,26.75,,
"131111",131111,0.500000,Transmission,Mk10,26-Mar-2016,10:11:15,,,,336.5,27.75,,
"131111",131111,0.500000,Transmission,Mk10,26-Mar-2016,10:12:30,,,,336.5,27.75,,
"131111",131111,0.500000,Transmission,Mk10,26-Mar-2016,10:13:45,,,,336.5,27.75,,
"131111",131111,0.500000,Transmission,Mk10,26-Mar-2016,10:15:00,,,,336.5,27.75,,
"131111",131111,0.500000,Transmission,Mk10,26-Mar-2016,10:16:15,,,,240.0,26.25,,
"131111",131111,0.500000,Transmission,Mk10,26-Mar-2016,10:17:30,,,,84.0,13.00,,
"131111",131111,0.500000,Transmission,Mk10,26-Mar-2016,10:18:45,,,,3.0,3.25,,
"131111",131111,0.500000,Transmission,Mk10,26-Mar-2016,10:20:00,,,,3.0,3.25,,
"131111",131111,0.500000,Transmission,Mk10,26-Mar-2016,10:21:15,,,,3.0,3.25,,
"131111",131111,0.500000,Transmission,Mk10,26-Mar-2016,10:22:30,,,,3.0,3.25,,
"131111",131111,0.500000,Transmission,Mk10,26-Mar-2016,10:23:45,,,,84.0,13.00,,
"131111",131111,0.500000,Transmission,Mk10,26-Mar-2016,10:25:00,,,,192.0,25.75,,
"131111",131111,0.500000,Transmission,Mk10,26-Mar-2016,10:26:15,,,,240.0,26.25,,
"131111",131111,0.500000,Transmission,Mk10,26-Mar-2016,10:27:30,,,,240.0,26.25,,
"131111",131111,0.500000,Transmission,Mk10,26-Mar-2016,10:28:45,,,,240.0,26.25,,
"131111",131111,0.500000,Transmission,Mk10,26-Mar-2016,10:30:00,,,,240.0,26.25,,
"131111",131111,0.500000,Transmission,Mk10,26-Mar-2016,10:31:15,,,,240.0,26.25,,
"131111",131111,0.500000,Transmission,Mk10,26-Mar-2016,10:32:30,,,,192.0,25.75,,
"131111",131111,0.500000,Transmission,Mk10,26-Mar-2016,10:33:45,,,,30.0,6.50,,
"131111",131111,0.500000,Transmission,Mk10,26-Mar-2016,10:35:00,,,,3.0,3.25,,
"131111",131111,0.500000,Transmission,Mk10,26-Mar-2016,10:36:15,,,,3.0,3.25,,
"131111",131111,0.500000,Transmission,Mk10,26-Mar-2016,10:37:30,,,,3.0,3.25,,
"131111",131111,0.500000,Transmission,Mk10,26-Mar-2016,10:38:45,,,,66.0,6.75,,
"131111",131111,0.500000,Transmission,Mk10,26-Mar-2016,10:40:00,,,,192.0,25.75,,
"131111",131111,0.500000,Transmission,Mk10,26-Mar-2016,10:41:15,,,,240.0,26.25,,
"131111",131111,0.500000,Transmission,Mk10,26-Mar-2016,10:42:30,,,,240.0,26.25,,
"131111",131111,0.500000,Transmission,Mk10,26-Mar-2016,10:43:45,,,,240.0,26.25,,
"131111",131111,0.500000,Transmission,Mk10,26-Mar-2016,10:45:00,,,,240.0,26.25,,
"131111",131111,0.500000,Transmission,Mk10,26-Mar-2016,10:46:15,,,,240.0,26.25,,
"131111",131111,0.500000,Transmission,Mk10,26-Mar-2016,10:47:30,,,,108.0,13.25,,
"131111",131111,0.500000,Transmission,Mk10,26-Mar-2016,10:48:45,,,,3.0,3.25,,
"131111",131111,0.500000,Transmission,Mk10,26-Mar-2016,10:50:00,,,,3.0,3.25,,
"131111",131111,0.500000,Transmission,Mk10,26-Mar-2016,10:51:15,,,,3.0,3.25,,
"131111",131111,0.500000,Transmission,Mk10,26-Mar-2016,10:52:30,,,,3.0,3.25,,
"131111",131111,0.500000,Transmission,Mk10,26-Mar-2016,10:53:45,,,,3.0,3.25,,
"131111",131111,0.500000,Transmission,Mk10,26-Mar-2016,10:55:00,,,,66.0,6.75,,
"131111",131111,0.500000,Transmission,Mk10,26-Mar-2016,10:56:15,,,,192.0,25.75,,
"131111",131111,0.500000,Transmission,Mk10,26-Mar-2016,10:57:30,,,,288.0,26.75,,
"131111",131111,0.500000,Transmission,Mk10,26-Mar-2016,10:58:45,,,,336.5,27.75,,
"131111",131111,0.500000,Transmission,Mk10,26-Mar-2016,11:00:00,,,,329.0,27.50,,
"131111",131111,0.500000,Transmission,Mk10,26-Mar-2016,11:01:15,,,,329.0,27.50,,
"131111",131111,0.500000,Transmission,Mk10,26-Mar-2016,11:02:30,,,,329.0,27.50,,
"131111",131111,0.500000,Transmission,Mk10,26-Mar-2016,11:03:45,,,,235.0,26.75,,
"131111",131111,0.500000,Transmission,Mk10,26-Mar-2016,11:05:00,,,,64.5,6.75,,
"131111",131111,0.500000,Transmission,Mk10,26-Mar-2016,11:06:15,,,,3.0,3.00,,
"131111",131111,0.500000,Transmission,Mk10,26-Mar-2016,11:07:30,,,,3.0,3.00,,
"131111",131111,0.500000,Transmission,Mk10,26-Mar-2016,11:08:45,,,,3.0,3.00,,
"131111",131111,0.500000,Transmission,Mk10,26-Mar-2016,11:10:00,,,,3.0,3.00,,
"131111",131111,0.500000,Transmission,Mk10,26-Mar-2016,11:11:15,,,,53.0,7.00,,
"131111",131111,0.500000,Transmission,Mk10,26-Mar-2016,11:12:30,,,,188.0,26.25,,
"131111",131111,0.500000,Transmission,Mk10,26-Mar-2016,11:13:45,,,,235.0,26.75,,
"131111",131111,0.500000,Transmission,Mk10,26-Mar-2016,11:15:00,,,,282.0,27.25,,
"131111",131111,0.500000,Transmission,Mk10,26-Mar-2016,11:16:15,,,,282.0,27.25,,
"131111",131111,0.500000,Transmission,Mk10,26-Mar-2016,11:17:30,,,,282.0,27.25,,
"131111",131111,0.500000,Transmission,Mk10,26-Mar-2016,11:18:45,,,,282.0,27.25,,
"131111",131111,0.500000,Transmission,Mk10,26-Mar-2016,11:20:00,,,,282.0,27.25,,
"131111",131111,0.500000,Transmission,Mk10,26-Mar-2016,11:21:15,,,,153.0,14.00,,
"131111",131111,0.500000,Transmission,Mk10,26-Mar-2016,11:22:30,,,,3.0,3.00,,
"131111",131111,0.500000,Transmission,Mk10,26-Mar-2016,11:23:45,,,,3.0,3.00,,
"131111",131111,0.500000,Transmission,Mk10,26-Mar-2016,11:25:00,,,,3.0,3.00,,
"131111",131111,0.500000,Transmission,Mk10,26-Mar-2016,11:26:15,,,,3.0,3.00,,
"131111",131111,0.500000,Transmission,Mk10,26-Mar-2016,11:27:30,,,,3.0,3.00,,
"131111",131111,0.500000,Transmission,Mk10,26-Mar-2016,11:28:45,,,,153.0,14.00,,
"131111",131111,0.500000,Transmission,Mk10,26-Mar-2016,11:30:00,,,,235.0,26.75,,
"131111",131111,0.500000,Transmission,Mk10,26-Mar-2016,11:31:15,,,,235.0,26.75,,
"131111",131111,0.500000,Transmission,Mk10,26-Mar-2016,11:32:30,,,,235.0,26.75,,
"131111",131111,0.500000,Transmission,Mk10,26-Mar-2016,11:33:45,,,,235.0,26.75,,
"131111",131111,0.500000,Transmission,Mk10,26-Mar-2016,11:35:00,,,,282.0,27.25,,
"131111",131111,0.500000,Transmission,Mk10,26-Mar-2016,11:36:15,,,,235.0,26.75,,
"131111",131111,0.500000,Transmission,Mk10,26-Mar-2016,11:37:30,,,,235.0,26.75,,
"131111",131111,0.500000,Transmission,Mk10,26-Mar-2016,11:38:45,,,,64.5,6.75,,
"131111",131111,0.500000,Transmission,Mk10,26-Mar-2016,11:40:00,,,,3.0,3.00,,
"131111",131111,0.500000,Transmission,Mk10,26-Mar-2016,11:41:15,,,,3.0,3.00,,
"131111",131111,0.500000,Transmission,Mk10,26-Mar-2016,11:42:30,,,,3.0,3.00,,
"131111",131111,0.500000,Transmission,Mk10,26-Mar-2016,11:43:45,,,,29.5,6.50,,
"131111",131111,0.500000,Transmission,Mk10,26-Mar-2016,11:45:00,,,,188.0,26.25,,
"131111",131111,0.500000,Transmission,Mk10,26-Mar-2016,11:46:15,,,,235.0,26.75,,
"131111",131111,0.500000,Transmission,Mk10,26-Mar-2016,11:47:30,,,,282.0,27.25,,
"131111",131111,0.500000,Transmission,Mk10,26-Mar-2016,11:48:45,,,,235.0,26.75,,
"131111",131111,0.500000,Transmission,Mk10,26-Mar-2016,11:50:00,,,,235.0,26.75,,
"131111",131111,0.500000,Transmission,Mk10,26-Mar-2016,11:51:15,,,,235.0,26.75,,
"131111",131111,0.500000,Transmission,Mk10,26-Mar-2016,11:52:30,,,,188.0,26.25,,
"131111",131111,0.500000,Transmission,Mk10,26-Mar-2016,11:53:45,,,,8.5,3.25,,
"131111",131111,0.500000,Transmission,Mk10,26-Mar-2016,11:55:00,,,,3.0,3.00,,
"131111",131111,0.500000,Transmission,Mk10,26-Mar-2016,11:56:15,,,,3.0,3.00,,
"131111",131111,0.500000,Transmission,Mk10,26-Mar-2016,11:57:30,,,,3.0,3.00,,
"131111",131111,0.500000,Transmission,Mk10,26-Mar-2016,11:58:45,,,,41.0,6.75,,
"131111",131111,0.500000,Transmission,Mk10,26-Mar-2016,21:00:00,,,,23.5,4.00,,
"131111",131111,0.500000,Transmission,Mk10,26-Mar-2016,21:01:15,,,,18.5,2.00,,
"131111",131111,0.500000,Transmission,Mk10,26-Mar-2016,21:02:30,,,,1.0,1.00,,
"131111",131111,0.500000,Transmission,Mk10,26-Mar-2016,21:03:45,,,,15.0,2.25,,
"131111",131111,0.500000,Transmission,Mk10,26-Mar-2016,21:05:00,,,,30.0,4.25,,
"131111",131111,0.500000,Transmission,Mk10,26-Mar-2016,21:06:15,,,,30.0,4.25,,
"131111",131111,0.500000,Transmission,Mk10,26-Mar-2016,21:07:30,,,,23.5,4.00,,
"131111",131111,0.500000,Transmission,Mk10,26-Mar-2016,21:08:45,,,,1.0,1.00,,
"131111",131111,0.500000,Transmission,Mk10,26-Mar-2016,21:10:00,,,,4.0,1.25,,
"131111",131111,0.500000,Transmission,Mk10,26-Mar-2016,21:11:15,,,,23.5,4.00,,
"131111",131111,0.500000,Transmission,Mk10,26-Mar-2016,21:12:30,,,,23.5,4.00,,
"131111",131111,0.500000,Transmission,Mk10,26-Mar-2016,21:13:45,,,,15.0,2.25,,
"131111",131111,0.500000,Transmission,Mk10,26-Mar-2016,21:15:00,,,,2.5,1.00,,
"131111",131111,0.500000,Transmission,Mk10,26-Mar-2016,21:16:15,,,,23.5,4.00,,
"131111",131111,0.500000,Transmission,Mk10,26-Mar-2016,21:17:30,,,,30.0,4.25,,
"131111",131111,0.500000,Transmission,Mk10,26-Mar-2016,21:18:45,,,,30.0,4.25,,
"131111",131111,0.500000,Transmission,Mk10,26-Mar-2016,21:20:00,,,,18.5,2.00,,
"131111",131111,0.500000,Transmission,Mk10,26-Mar-2016,21:21:15,,,,2.5,1.00,,
"131111",131111,0.500000,Transmission,Mk10,26-Mar-2016,21:22:30,,,,2.5,1.00,,
"131111",131111,0.500000,Transmission,Mk10,26-Mar-2016,21:23:45,,,,23.5,4.00,,
"131111",131111,0.500000,Transmission,Mk10,26-Mar-2016,21:25:00,,,,11.5,2.25,,
"131111",131111,0.500000,Transmission,Mk10,26-Mar-2016,21:26:15,,,,2.5,1.00,,
"131111",131111,0.500000,Transmission,Mk10,26-Mar-2016,21:27:30,,,,30.0,4.25,,
"131111",131111,0.500000,Transmission,Mk10,26-Mar-2016,21:28:45,,,,30.0,4.25,,
"131111",131111,0.500000,Transmission,Mk10,26-Mar-2016,21:30:00,,,,30.0,4.25,,
"131111",131111,0.500000,Transmission,Mk10,26-Mar-2016,21:31:15,,,,1.0,1.00,,
"131111",131111,0.500000,Transmission,Mk10,26-Mar-2016,21:32:30,,,,2.5,1.00,,
"131111",131111,0.500000,Transmission,Mk10,26-Mar-2016,21:33:45,,,,30.0,4.25,,
"131111",131111,0.500000,Transmission,Mk10,26-Mar-2016,21:35:00,,,,30.0,4.25,,
"131111",131111,0.500000,Transmission,Mk10,26-Mar-2016,21:36:15,,,,4.0,1.25,,
"131111",131111,0.500000,Transmission,Mk10,26-Mar-2016,21:37:30,,,,1.0,1.00,,
"131111",131111,0.500000,Transmission,Mk10,26-Mar-2016,21:38:45,,,,30.0,4.25,,
"131111",131111,0.500000,Transmission,Mk10,26-Mar-2016,21:40:00,,,,5.5,1.25,,
"131111",131111,0.500000,Transmission,Mk10,26-Mar-2016,21:41:15,,,,43.5,4.25,,
"131111",131111,0.500000,Transmission,Mk10,26-Mar-2016,21:42:30,,,,53.5,7.75,,
"131111",131111,0.500000,Transmission,Mk10,26-Mar-2016,21:43:45,,,,15.0,2.25,,
"131111",131111,0.500000,Transmission,Mk10,26-Mar-2016,21:45:00,,,,5.5,1.25,,
"131111",131111,0.500000,Transmission,Mk10,26-Mar-2016,21:46:15,,,,80.5,8.00,,
"131111",131111,0.500000,Transmission,Mk10,26-Mar-2016,21:47:30,,,,93.5,8.00,,
"131111",131111,0.500000,Transmission,Mk10,26-Mar-2016,21:48:45,,,,67.0,8.00,,
"131111",131111,0.500000,Transmission,Mk10,26-Mar-2016,21:50:00,,,,1.0,1.00,,
"131111",131111,0.500000,Transmission,Mk10,26-Mar-2016,21:51:15,,,,4.0,1.25,,
"131111",131111,0.500000,Transmission,Mk10,26-Mar-2016,21:52:30,,,,53.5,7.75,,
"131111",131111,0.500000,Transmission,Mk10,26-Mar-2016,21:53:45,,,,93.5,8.00,,
"131111",131111,0.500000,Transmission,Mk10,26-Mar-2016,21:55:00,,,,30.0,4.25,,
"131111",131111,0.500000,Transmission,Mk10,26-Mar-2016,21:56:15,,,,2.5,1.00,,
"131111",131111,0.500000,Transmission,Mk10,26-Mar-2016,21:57:30,,,,4.0,1.25,,
"131111",131111,0.500000,Transmission,Mk10,26-Mar-2016,21:58:45,,,,30.0,4.25,,
